%Warning-WIDTHCONCAT: /work/black-parrot-sim/black-parrot/bp_top/test/tb/bp_tethered/testbench.sv:24:50: Unsized numbers/parameters not allowed in concatenations.
                                                                                                       : ... note: In instance 'testbench'
   24 |     , localparam issue_ptr_p    = ($clog2({1'b0, issue_cinstr_p}+1))                                       
      |                                                  ^~~~~~~~~~~~~~
                      ... For warning description see https://verilator.org/warn/WIDTHCONCAT?v=5.020
                      ... Use "/* verilator lint_off WIDTHCONCAT */" and lint_on around source to disable this message.
%Warning-WIDTHCONCAT: /work/black-parrot-sim/black-parrot/bp_top/test/tb/bp_tethered/testbench.sv:24:48: Unsized numbers/parameters not allowed in replications.
                                                                                                       : ... note: In instance 'testbench'
   24 |     , localparam issue_ptr_p    = ($clog2({1'b0, issue_cinstr_p}+1))                                       
      |                                                ^
%Warning-WIDTHCONCAT: /work/black-parrot-sim/black-parrot/bp_top/test/tb/bp_tethered/wrapper.sv:23:50: Unsized numbers/parameters not allowed in concatenations.
                                                                                                     : ... note: In instance 'testbench.wrapper'
   23 |     , localparam issue_ptr_p    = ($clog2({1'b0, issue_cinstr_p}+1))                                       
      |                                                  ^~~~~~~~~~~~~~
%Warning-WIDTHCONCAT: /work/black-parrot-sim/black-parrot/bp_top/test/tb/bp_tethered/wrapper.sv:23:48: Unsized numbers/parameters not allowed in replications.
                                                                                                     : ... note: In instance 'testbench.wrapper'
   23 |     , localparam issue_ptr_p    = ($clog2({1'b0, issue_cinstr_p}+1))                                       
      |                                                ^
%Warning-WIDTHCONCAT: /work/black-parrot-sim/black-parrot/bp_top/test/common/bp_nonsynth_cfg_loader.sv:11:50: Unsized numbers/parameters not allowed in concatenations.
                                                                                                            : ... note: In instance 'testbench.loader'
   11 |     , localparam issue_ptr_p    = ($clog2({1'b0, issue_cinstr_p}+1))                                       
      |                                                  ^~~~~~~~~~~~~~
%Warning-WIDTHCONCAT: /work/black-parrot-sim/black-parrot/bp_top/test/common/bp_nonsynth_cfg_loader.sv:11:48: Unsized numbers/parameters not allowed in replications.
                                                                                                            : ... note: In instance 'testbench.loader'
   11 |     , localparam issue_ptr_p    = ($clog2({1'b0, issue_cinstr_p}+1))                                       
      |                                                ^
%Warning-WIDTHCONCAT: /work/black-parrot-sim/black-parrot/bp_top/test/common/bp_nonsynth_host.sv:11:50: Unsized numbers/parameters not allowed in concatenations.
                                                                                                      : ... note: In instance 'testbench.host'
   11 |     , localparam issue_ptr_p    = ($clog2({1'b0, issue_cinstr_p}+1))                                       
      |                                                  ^~~~~~~~~~~~~~
%Warning-WIDTHCONCAT: /work/black-parrot-sim/black-parrot/bp_top/test/common/bp_nonsynth_host.sv:11:48: Unsized numbers/parameters not allowed in replications.
                                                                                                      : ... note: In instance 'testbench.host'
   11 |     , localparam issue_ptr_p    = ($clog2({1'b0, issue_cinstr_p}+1))                                       
      |                                                ^
%Warning-WIDTHCONCAT: /work/black-parrot-sim/black-parrot/bp_top/test/common/bp_nonsynth_if_verif.sv:13:50: Unsized numbers/parameters not allowed in concatenations.
                                                                                                          : ... note: In instance 'testbench.if_verif'
   13 |     , localparam issue_ptr_p    = ($clog2({1'b0, issue_cinstr_p}+1))                                       
      |                                                  ^~~~~~~~~~~~~~
%Warning-WIDTHCONCAT: /work/black-parrot-sim/black-parrot/bp_top/test/common/bp_nonsynth_if_verif.sv:13:48: Unsized numbers/parameters not allowed in replications.
                                                                                                          : ... note: In instance 'testbench.if_verif'
   13 |     , localparam issue_ptr_p    = ($clog2({1'b0, issue_cinstr_p}+1))                                       
      |                                                ^
%Warning-WIDTHCONCAT: /work/black-parrot-sim/black-parrot/bp_top/src/v/bp_processor.sv:18:50: Unsized numbers/parameters not allowed in concatenations.
                                                                                            : ... note: In instance 'testbench.wrapper.processor'
   18 |     , localparam issue_ptr_p    = ($clog2({1'b0, issue_cinstr_p}+1))                                       
      |                                                  ^~~~~~~~~~~~~~
%Warning-WIDTHCONCAT: /work/black-parrot-sim/black-parrot/bp_top/src/v/bp_processor.sv:18:48: Unsized numbers/parameters not allowed in replications.
                                                                                            : ... note: In instance 'testbench.wrapper.processor'
   18 |     , localparam issue_ptr_p    = ($clog2({1'b0, issue_cinstr_p}+1))                                       
      |                                                ^
%Warning-WIDTHCONCAT: /work/black-parrot-sim/black-parrot/bp_top/src/v/bp_unicore.sv:29:50: Unsized numbers/parameters not allowed in concatenations.
                                                                                          : ... note: In instance 'testbench.wrapper.processor.u.unicore'
   29 |     , localparam issue_ptr_p    = ($clog2({1'b0, issue_cinstr_p}+1))                                       
      |                                                  ^~~~~~~~~~~~~~
%Warning-WIDTHCONCAT: /work/black-parrot-sim/black-parrot/bp_top/src/v/bp_unicore.sv:29:48: Unsized numbers/parameters not allowed in replications.
                                                                                          : ... note: In instance 'testbench.wrapper.processor.u.unicore'
   29 |     , localparam issue_ptr_p    = ($clog2({1'b0, issue_cinstr_p}+1))                                       
      |                                                ^
%Warning-WIDTHCONCAT: /work/black-parrot-sim/black-parrot/bp_top/src/v/bp_unicore_lite.sv:15:50: Unsized numbers/parameters not allowed in concatenations.
                                                                                               : ... note: In instance 'testbench.wrapper.processor.u.unicore.unicore_lite'
   15 |     , localparam issue_ptr_p    = ($clog2({1'b0, issue_cinstr_p}+1))                                       
      |                                                  ^~~~~~~~~~~~~~
%Warning-WIDTHCONCAT: /work/black-parrot-sim/black-parrot/bp_top/src/v/bp_unicore_lite.sv:15:48: Unsized numbers/parameters not allowed in replications.
                                                                                               : ... note: In instance 'testbench.wrapper.processor.u.unicore.unicore_lite'
   15 |     , localparam issue_ptr_p    = ($clog2({1'b0, issue_cinstr_p}+1))                                       
      |                                                ^
%Warning-WIDTHCONCAT: /work/black-parrot-sim/black-parrot/bp_me/src/v/cce/bp_uce.sv:18:50: Unsized numbers/parameters not allowed in concatenations.
                                                                                         : ... note: In instance 'testbench.wrapper.processor.u.unicore.unicore_lite.icache_uce'
   18 |     , localparam issue_ptr_p    = ($clog2({1'b0, issue_cinstr_p}+1))                                       
      |                                                  ^~~~~~~~~~~~~~
%Warning-WIDTHCONCAT: /work/black-parrot-sim/black-parrot/bp_me/src/v/cce/bp_uce.sv:18:48: Unsized numbers/parameters not allowed in replications.
                                                                                         : ... note: In instance 'testbench.wrapper.processor.u.unicore.unicore_lite.icache_uce'
   18 |     , localparam issue_ptr_p    = ($clog2({1'b0, issue_cinstr_p}+1))                                       
      |                                                ^
%Warning-WIDTHCONCAT: /work/black-parrot-sim/black-parrot/bp_me/test/common/bp_me_nonsynth_uce_tracer.sv:18:50: Unsized numbers/parameters not allowed in concatenations.
                                                                                                              : ... note: In instance 'testbench.wrapper.processor.u.unicore.unicore_lite.icache_uce.uce_tracer'
   18 |     , localparam issue_ptr_p    = ($clog2({1'b0, issue_cinstr_p}+1))                                       
      |                                                  ^~~~~~~~~~~~~~
%Warning-WIDTHCONCAT: /work/black-parrot-sim/black-parrot/bp_me/test/common/bp_me_nonsynth_uce_tracer.sv:18:48: Unsized numbers/parameters not allowed in replications.
                                                                                                              : ... note: In instance 'testbench.wrapper.processor.u.unicore.unicore_lite.icache_uce.uce_tracer'
   18 |     , localparam issue_ptr_p    = ($clog2({1'b0, issue_cinstr_p}+1))                                       
      |                                                ^
%Warning-WIDTHCONCAT: /work/black-parrot-sim/black-parrot/bp_me/src/v/dev/bp_me_cfg_slice.sv:17:50: Unsized numbers/parameters not allowed in concatenations.
                                                                                                  : ... note: In instance 'testbench.wrapper.processor.u.unicore.cfgs'
   17 |     , localparam issue_ptr_p    = ($clog2({1'b0, issue_cinstr_p}+1))                                       
      |                                                  ^~~~~~~~~~~~~~
%Warning-WIDTHCONCAT: /work/black-parrot-sim/black-parrot/bp_me/src/v/dev/bp_me_cfg_slice.sv:17:48: Unsized numbers/parameters not allowed in replications.
                                                                                                  : ... note: In instance 'testbench.wrapper.processor.u.unicore.cfgs'
   17 |     , localparam issue_ptr_p    = ($clog2({1'b0, issue_cinstr_p}+1))                                       
      |                                                ^
%Warning-WIDTHCONCAT: /work/black-parrot-sim/black-parrot/bp_me/src/v/dev/bp_me_clint_slice.sv:19:50: Unsized numbers/parameters not allowed in concatenations.
                                                                                                    : ... note: In instance 'testbench.wrapper.processor.u.unicore.clints'
   19 |     , localparam issue_ptr_p    = ($clog2({1'b0, issue_cinstr_p}+1))                                       
      |                                                  ^~~~~~~~~~~~~~
%Warning-WIDTHCONCAT: /work/black-parrot-sim/black-parrot/bp_me/src/v/dev/bp_me_clint_slice.sv:19:48: Unsized numbers/parameters not allowed in replications.
                                                                                                    : ... note: In instance 'testbench.wrapper.processor.u.unicore.clints'
   19 |     , localparam issue_ptr_p    = ($clog2({1'b0, issue_cinstr_p}+1))                                       
      |                                                ^
%Warning-WIDTHCONCAT: /work/black-parrot-sim/black-parrot/bp_me/src/v/dev/bp_me_cache_slice.sv:21:50: Unsized numbers/parameters not allowed in concatenations.
                                                                                                    : ... note: In instance 'testbench.wrapper.processor.u.unicore.slices[0].l2s'
   21 |     , localparam issue_ptr_p    = ($clog2({1'b0, issue_cinstr_p}+1))                                       
      |                                                  ^~~~~~~~~~~~~~
%Warning-WIDTHCONCAT: /work/black-parrot-sim/black-parrot/bp_me/src/v/dev/bp_me_cache_slice.sv:21:48: Unsized numbers/parameters not allowed in replications.
                                                                                                    : ... note: In instance 'testbench.wrapper.processor.u.unicore.slices[0].l2s'
   21 |     , localparam issue_ptr_p    = ($clog2({1'b0, issue_cinstr_p}+1))                                       
      |                                                ^
%Warning-WIDTHCONCAT: /work/black-parrot-sim/black-parrot/bp_me/src/v/dev/bp_me_loopback.sv:19:50: Unsized numbers/parameters not allowed in concatenations.
                                                                                                 : ... note: In instance 'testbench.wrapper.processor.u.unicore.loopback'
   19 |     , localparam issue_ptr_p    = ($clog2({1'b0, issue_cinstr_p}+1))                                       
      |                                                  ^~~~~~~~~~~~~~
%Warning-WIDTHCONCAT: /work/black-parrot-sim/black-parrot/bp_me/src/v/dev/bp_me_loopback.sv:19:48: Unsized numbers/parameters not allowed in replications.
                                                                                                 : ... note: In instance 'testbench.wrapper.processor.u.unicore.loopback'
   19 |     , localparam issue_ptr_p    = ($clog2({1'b0, issue_cinstr_p}+1))                                       
      |                                                ^
%Warning-WIDTHCONCAT: /work/black-parrot-sim/black-parrot/bp_me/src/v/dev/bp_me_bedrock_register.sv:23:50: Unsized numbers/parameters not allowed in concatenations.
                                                                                                         : ... note: In instance 'testbench.host.register'
   23 |     , localparam issue_ptr_p    = ($clog2({1'b0, issue_cinstr_p}+1))                                       
      |                                                  ^~~~~~~~~~~~~~
%Warning-WIDTHCONCAT: /work/black-parrot-sim/black-parrot/bp_me/src/v/dev/bp_me_bedrock_register.sv:23:48: Unsized numbers/parameters not allowed in replications.
                                                                                                         : ... note: In instance 'testbench.host.register'
   23 |     , localparam issue_ptr_p    = ($clog2({1'b0, issue_cinstr_p}+1))                                       
      |                                                ^
%Warning-WIDTHCONCAT: /work/black-parrot-sim/black-parrot/bp_top/src/v/bp_core_minimal.sv:16:50: Unsized numbers/parameters not allowed in concatenations.
                                                                                               : ... note: In instance 'testbench.wrapper.processor.u.unicore.unicore_lite.core_minimal'
   16 |     , localparam issue_ptr_p    = ($clog2({1'b0, issue_cinstr_p}+1))                                       
      |                                                  ^~~~~~~~~~~~~~
%Warning-WIDTHCONCAT: /work/black-parrot-sim/black-parrot/bp_top/src/v/bp_core_minimal.sv:16:48: Unsized numbers/parameters not allowed in replications.
                                                                                               : ... note: In instance 'testbench.wrapper.processor.u.unicore.unicore_lite.core_minimal'
   16 |     , localparam issue_ptr_p    = ($clog2({1'b0, issue_cinstr_p}+1))                                       
      |                                                ^
%Warning-WIDTHCONCAT: /work/black-parrot-sim/black-parrot/bp_me/src/v/network/bp_me_cord_to_id.sv:18:50: Unsized numbers/parameters not allowed in concatenations.
                                                                                                       : ... note: In instance 'testbench.wrapper.processor.u.unicore.cfgs.id_map'
   18 |     , localparam issue_ptr_p    = ($clog2({1'b0, issue_cinstr_p}+1))                                       
      |                                                  ^~~~~~~~~~~~~~
%Warning-WIDTHCONCAT: /work/black-parrot-sim/black-parrot/bp_me/src/v/network/bp_me_cord_to_id.sv:18:48: Unsized numbers/parameters not allowed in replications.
                                                                                                       : ... note: In instance 'testbench.wrapper.processor.u.unicore.cfgs.id_map'
   18 |     , localparam issue_ptr_p    = ($clog2({1'b0, issue_cinstr_p}+1))                                       
      |                                                ^
%Warning-WIDTHCONCAT: /work/black-parrot-sim/black-parrot/bp_me/src/v/dev/bp_me_cache_controller.sv:25:50: Unsized numbers/parameters not allowed in concatenations.
                                                                                                         : ... note: In instance 'testbench.wrapper.processor.u.unicore.slices[0].l2s.cache_controller'
   25 |     , localparam issue_ptr_p    = ($clog2({1'b0, issue_cinstr_p}+1))                                       
      |                                                  ^~~~~~~~~~~~~~
%Warning-WIDTHCONCAT: /work/black-parrot-sim/black-parrot/bp_me/src/v/dev/bp_me_cache_controller.sv:25:48: Unsized numbers/parameters not allowed in replications.
                                                                                                         : ... note: In instance 'testbench.wrapper.processor.u.unicore.slices[0].l2s.cache_controller'
   25 |     , localparam issue_ptr_p    = ($clog2({1'b0, issue_cinstr_p}+1))                                       
      |                                                ^
%Warning-WIDTHCONCAT: /work/black-parrot-sim/black-parrot/bp_me/src/v/dev/bp_me_dram_hash_decode.sv:18:50: Unsized numbers/parameters not allowed in concatenations.
                                                                                                         : ... note: In instance 'testbench.wrapper.processor.u.unicore.slices[0].l2s.bank[0].dma_addr_hash_decode'
   18 |     , localparam issue_ptr_p    = ($clog2({1'b0, issue_cinstr_p}+1))                                       
      |                                                  ^~~~~~~~~~~~~~
%Warning-WIDTHCONCAT: /work/black-parrot-sim/black-parrot/bp_me/src/v/dev/bp_me_dram_hash_decode.sv:18:48: Unsized numbers/parameters not allowed in replications.
                                                                                                         : ... note: In instance 'testbench.wrapper.processor.u.unicore.slices[0].l2s.bank[0].dma_addr_hash_decode'
   18 |     , localparam issue_ptr_p    = ($clog2({1'b0, issue_cinstr_p}+1))                                       
      |                                                ^
%Warning-WIDTHCONCAT: /work/black-parrot-sim/black-parrot/bp_me/src/v/dev/bp_me_dram_hash_encode.sv:29:50: Unsized numbers/parameters not allowed in concatenations.
                                                                                                         : ... note: In instance 'testbench.wrapper.processor.u.unicore.fwd_dest[0].slice_select'
   29 |     , localparam issue_ptr_p    = ($clog2({1'b0, issue_cinstr_p}+1))                                       
      |                                                  ^~~~~~~~~~~~~~
%Warning-WIDTHCONCAT: /work/black-parrot-sim/black-parrot/bp_me/src/v/dev/bp_me_dram_hash_encode.sv:29:48: Unsized numbers/parameters not allowed in replications.
                                                                                                         : ... note: In instance 'testbench.wrapper.processor.u.unicore.fwd_dest[0].slice_select'
   29 |     , localparam issue_ptr_p    = ($clog2({1'b0, issue_cinstr_p}+1))                                       
      |                                                ^
%Warning-WIDTHCONCAT: /work/black-parrot-sim/black-parrot/bp_me/src/v/network/bp_me_xbar_stream.sv:18:50: Unsized numbers/parameters not allowed in concatenations.
                                                                                                        : ... note: In instance 'testbench.wrapper.processor.u.unicore.fwd_xbar'
   18 |     , localparam issue_ptr_p    = ($clog2({1'b0, issue_cinstr_p}+1))                                       
      |                                                  ^~~~~~~~~~~~~~
%Warning-WIDTHCONCAT: /work/black-parrot-sim/black-parrot/bp_me/src/v/network/bp_me_xbar_stream.sv:18:48: Unsized numbers/parameters not allowed in replications.
                                                                                                        : ... note: In instance 'testbench.wrapper.processor.u.unicore.fwd_xbar'
   18 |     , localparam issue_ptr_p    = ($clog2({1'b0, issue_cinstr_p}+1))                                       
      |                                                ^
%Warning-WIDTHCONCAT: /work/black-parrot-sim/black-parrot/bp_fe/src/v/bp_fe_top.sv:13:50: Unsized numbers/parameters not allowed in concatenations.
                                                                                        : ... note: In instance 'testbench.wrapper.processor.u.unicore.unicore_lite.core_minimal.fe'
   13 |     , localparam issue_ptr_p    = ($clog2({1'b0, issue_cinstr_p}+1))                                       
      |                                                  ^~~~~~~~~~~~~~
%Warning-WIDTHCONCAT: /work/black-parrot-sim/black-parrot/bp_fe/src/v/bp_fe_top.sv:13:48: Unsized numbers/parameters not allowed in replications.
                                                                                        : ... note: In instance 'testbench.wrapper.processor.u.unicore.unicore_lite.core_minimal.fe'
   13 |     , localparam issue_ptr_p    = ($clog2({1'b0, issue_cinstr_p}+1))                                       
      |                                                ^
%Warning-WIDTHCONCAT: /work/black-parrot-sim/black-parrot/bp_be/src/v/bp_be_top.sv:15:50: Unsized numbers/parameters not allowed in concatenations.
                                                                                        : ... note: In instance 'testbench.wrapper.processor.u.unicore.unicore_lite.core_minimal.be'
   15 |     , localparam issue_ptr_p    = ($clog2({1'b0, issue_cinstr_p}+1))                                       
      |                                                  ^~~~~~~~~~~~~~
%Warning-WIDTHCONCAT: /work/black-parrot-sim/black-parrot/bp_be/src/v/bp_be_top.sv:15:48: Unsized numbers/parameters not allowed in replications.
                                                                                        : ... note: In instance 'testbench.wrapper.processor.u.unicore.unicore_lite.core_minimal.be'
   15 |     , localparam issue_ptr_p    = ($clog2({1'b0, issue_cinstr_p}+1))                                       
      |                                                ^
%Warning-WIDTHCONCAT: /work/black-parrot-sim/black-parrot/bp_me/src/v/network/bp_me_stream_pump.sv:9:50: Unsized numbers/parameters not allowed in concatenations.
                                                                                                       : ... note: In instance 'testbench.wrapper.processor.u.unicore.slices[0].l2s.cache_controller.stream_pump'
    9 |     , localparam issue_ptr_p    = ($clog2({1'b0, issue_cinstr_p}+1))                                       
      |                                                  ^~~~~~~~~~~~~~
%Warning-WIDTHCONCAT: /work/black-parrot-sim/black-parrot/bp_me/src/v/network/bp_me_stream_pump.sv:9:48: Unsized numbers/parameters not allowed in replications.
                                                                                                       : ... note: In instance 'testbench.wrapper.processor.u.unicore.slices[0].l2s.cache_controller.stream_pump'
    9 |     , localparam issue_ptr_p    = ($clog2({1'b0, issue_cinstr_p}+1))                                       
      |                                                ^
%Warning-WIDTHCONCAT: /work/black-parrot-sim/black-parrot/bp_me/src/v/network/bp_me_stream_pump_out.sv:20:50: Unsized numbers/parameters not allowed in concatenations.
                                                                                                            : ... note: In instance 'testbench.wrapper.processor.u.unicore.unicore_lite.icache_uce.fwd_pump_out'
   20 |     , localparam issue_ptr_p    = ($clog2({1'b0, issue_cinstr_p}+1))                                       
      |                                                  ^~~~~~~~~~~~~~
%Warning-WIDTHCONCAT: /work/black-parrot-sim/black-parrot/bp_me/src/v/network/bp_me_stream_pump_out.sv:20:48: Unsized numbers/parameters not allowed in replications.
                                                                                                            : ... note: In instance 'testbench.wrapper.processor.u.unicore.unicore_lite.icache_uce.fwd_pump_out'
   20 |     , localparam issue_ptr_p    = ($clog2({1'b0, issue_cinstr_p}+1))                                       
      |                                                ^
%Warning-WIDTHCONCAT: /work/black-parrot-sim/black-parrot/bp_me/src/v/network/bp_me_stream_pump_in.sv:19:50: Unsized numbers/parameters not allowed in concatenations.
                                                                                                           : ... note: In instance 'testbench.wrapper.processor.u.unicore.unicore_lite.icache_uce.rev_pump_in'
   19 |     , localparam issue_ptr_p    = ($clog2({1'b0, issue_cinstr_p}+1))                                       
      |                                                  ^~~~~~~~~~~~~~
%Warning-WIDTHCONCAT: /work/black-parrot-sim/black-parrot/bp_me/src/v/network/bp_me_stream_pump_in.sv:19:48: Unsized numbers/parameters not allowed in replications.
                                                                                                           : ... note: In instance 'testbench.wrapper.processor.u.unicore.unicore_lite.icache_uce.rev_pump_in'
   19 |     , localparam issue_ptr_p    = ($clog2({1'b0, issue_cinstr_p}+1))                                       
      |                                                ^
%Warning-WIDTHCONCAT: /work/black-parrot-sim/black-parrot/bp_fe/src/v/bp_fe_pc_gen.sv:16:50: Unsized numbers/parameters not allowed in concatenations.
                                                                                           : ... note: In instance 'testbench.wrapper.processor.u.unicore.unicore_lite.core_minimal.fe.pc_gen'
   16 |     , localparam issue_ptr_p    = ($clog2({1'b0, issue_cinstr_p}+1))                                       
      |                                                  ^~~~~~~~~~~~~~
%Warning-WIDTHCONCAT: /work/black-parrot-sim/black-parrot/bp_fe/src/v/bp_fe_pc_gen.sv:16:48: Unsized numbers/parameters not allowed in replications.
                                                                                           : ... note: In instance 'testbench.wrapper.processor.u.unicore.unicore_lite.core_minimal.fe.pc_gen'
   16 |     , localparam issue_ptr_p    = ($clog2({1'b0, issue_cinstr_p}+1))                                       
      |                                                ^
%Warning-WIDTHCONCAT: /work/black-parrot-sim/black-parrot/bp_fe/src/v/bp_fe_icache.sv:38:50: Unsized numbers/parameters not allowed in concatenations.
                                                                                           : ... note: In instance 'testbench.wrapper.processor.u.unicore.unicore_lite.core_minimal.fe.icache'
   38 |     , localparam issue_ptr_p    = ($clog2({1'b0, issue_cinstr_p}+1))                                       
      |                                                  ^~~~~~~~~~~~~~
%Warning-WIDTHCONCAT: /work/black-parrot-sim/black-parrot/bp_fe/src/v/bp_fe_icache.sv:38:48: Unsized numbers/parameters not allowed in replications.
                                                                                           : ... note: In instance 'testbench.wrapper.processor.u.unicore.unicore_lite.core_minimal.fe.icache'
   38 |     , localparam issue_ptr_p    = ($clog2({1'b0, issue_cinstr_p}+1))                                       
      |                                                ^
%Warning-WIDTHCONCAT: /work/black-parrot-sim/black-parrot/bp_fe/src/v/bp_fe_realigner.sv:14:50: Unsized numbers/parameters not allowed in concatenations.
                                                                                              : ... note: In instance 'testbench.wrapper.processor.u.unicore.unicore_lite.core_minimal.fe.realigner'
   14 |     , localparam issue_ptr_p    = ($clog2({1'b0, issue_cinstr_p}+1))                                       
      |                                                  ^~~~~~~~~~~~~~
%Warning-WIDTHCONCAT: /work/black-parrot-sim/black-parrot/bp_fe/src/v/bp_fe_realigner.sv:14:48: Unsized numbers/parameters not allowed in replications.
                                                                                              : ... note: In instance 'testbench.wrapper.processor.u.unicore.unicore_lite.core_minimal.fe.realigner'
   14 |     , localparam issue_ptr_p    = ($clog2({1'b0, issue_cinstr_p}+1))                                       
      |                                                ^
%Warning-WIDTHCONCAT: /work/black-parrot-sim/black-parrot/bp_fe/src/v/bp_fe_scan.sv:15:50: Unsized numbers/parameters not allowed in concatenations.
                                                                                         : ... note: In instance 'testbench.wrapper.processor.u.unicore.unicore_lite.core_minimal.fe.scan'
   15 |     , localparam issue_ptr_p    = ($clog2({1'b0, issue_cinstr_p}+1))                                       
      |                                                  ^~~~~~~~~~~~~~
%Warning-WIDTHCONCAT: /work/black-parrot-sim/black-parrot/bp_fe/src/v/bp_fe_scan.sv:15:48: Unsized numbers/parameters not allowed in replications.
                                                                                         : ... note: In instance 'testbench.wrapper.processor.u.unicore.unicore_lite.core_minimal.fe.scan'
   15 |     , localparam issue_ptr_p    = ($clog2({1'b0, issue_cinstr_p}+1))                                       
      |                                                ^
%Warning-WIDTHCONCAT: /work/black-parrot-sim/black-parrot/bp_fe/src/v/bp_fe_controller.sv:13:50: Unsized numbers/parameters not allowed in concatenations.
                                                                                               : ... note: In instance 'testbench.wrapper.processor.u.unicore.unicore_lite.core_minimal.fe.controller'
   13 |     , localparam issue_ptr_p    = ($clog2({1'b0, issue_cinstr_p}+1))                                       
      |                                                  ^~~~~~~~~~~~~~
%Warning-WIDTHCONCAT: /work/black-parrot-sim/black-parrot/bp_fe/src/v/bp_fe_controller.sv:13:48: Unsized numbers/parameters not allowed in replications.
                                                                                               : ... note: In instance 'testbench.wrapper.processor.u.unicore.unicore_lite.core_minimal.fe.controller'
   13 |     , localparam issue_ptr_p    = ($clog2({1'b0, issue_cinstr_p}+1))                                       
      |                                                ^
%Warning-WIDTHCONCAT: /work/black-parrot-sim/black-parrot/bp_be/src/v/bp_be_checker/bp_be_director.sv:21:50: Unsized numbers/parameters not allowed in concatenations.
                                                                                                           : ... note: In instance 'testbench.wrapper.processor.u.unicore.unicore_lite.core_minimal.be.director'
   21 |     , localparam issue_ptr_p    = ($clog2({1'b0, issue_cinstr_p}+1))                                       
      |                                                  ^~~~~~~~~~~~~~
%Warning-WIDTHCONCAT: /work/black-parrot-sim/black-parrot/bp_be/src/v/bp_be_checker/bp_be_director.sv:21:48: Unsized numbers/parameters not allowed in replications.
                                                                                                           : ... note: In instance 'testbench.wrapper.processor.u.unicore.unicore_lite.core_minimal.be.director'
   21 |     , localparam issue_ptr_p    = ($clog2({1'b0, issue_cinstr_p}+1))                                       
      |                                                ^
%Warning-WIDTHCONCAT: /work/black-parrot-sim/black-parrot/bp_be/src/v/bp_be_checker/bp_be_detector.sv:21:50: Unsized numbers/parameters not allowed in concatenations.
                                                                                                           : ... note: In instance 'testbench.wrapper.processor.u.unicore.unicore_lite.core_minimal.be.detector'
   21 |     , localparam issue_ptr_p    = ($clog2({1'b0, issue_cinstr_p}+1))                                       
      |                                                  ^~~~~~~~~~~~~~
%Warning-WIDTHCONCAT: /work/black-parrot-sim/black-parrot/bp_be/src/v/bp_be_checker/bp_be_detector.sv:21:48: Unsized numbers/parameters not allowed in replications.
                                                                                                           : ... note: In instance 'testbench.wrapper.processor.u.unicore.unicore_lite.core_minimal.be.detector'
   21 |     , localparam issue_ptr_p    = ($clog2({1'b0, issue_cinstr_p}+1))                                       
      |                                                ^
%Warning-WIDTHCONCAT: /work/black-parrot-sim/black-parrot/bp_be/src/v/bp_be_checker/bp_be_scheduler.sv:21:50: Unsized numbers/parameters not allowed in concatenations.
                                                                                                            : ... note: In instance 'testbench.wrapper.processor.u.unicore.unicore_lite.core_minimal.be.scheduler'
   21 |     , localparam issue_ptr_p    = ($clog2({1'b0, issue_cinstr_p}+1))                                       
      |                                                  ^~~~~~~~~~~~~~
%Warning-WIDTHCONCAT: /work/black-parrot-sim/black-parrot/bp_be/src/v/bp_be_checker/bp_be_scheduler.sv:21:48: Unsized numbers/parameters not allowed in replications.
                                                                                                            : ... note: In instance 'testbench.wrapper.processor.u.unicore.unicore_lite.core_minimal.be.scheduler'
   21 |     , localparam issue_ptr_p    = ($clog2({1'b0, issue_cinstr_p}+1))                                       
      |                                                ^
%Warning-WIDTHCONCAT: /work/black-parrot-sim/black-parrot/bp_be/src/v/bp_be_checker/bp_be_scheduler.sv:122:47: Unsized numbers/parameters not allowed in concatenations.
                                                                                                             : ... note: In instance 'testbench.wrapper.processor.u.unicore.unicore_lite.core_minimal.be.scheduler'
  122 |   localparam op_ptr_width_lp = ($clog2({1'b0, entry_cinstr_gp}+1));
      |                                               ^~~~~~~~~~~~~~~
%Warning-WIDTHCONCAT: /work/black-parrot-sim/black-parrot/bp_be/src/v/bp_be_checker/bp_be_scheduler.sv:122:45: Unsized numbers/parameters not allowed in replications.
                                                                                                             : ... note: In instance 'testbench.wrapper.processor.u.unicore.unicore_lite.core_minimal.be.scheduler'
  122 |   localparam op_ptr_width_lp = ($clog2({1'b0, entry_cinstr_gp}+1));
      |                                             ^
%Warning-WIDTHCONCAT: /work/black-parrot-sim/black-parrot/bp_be/src/v/bp_be_calculator/bp_be_calculator_top.sv:22:50: Unsized numbers/parameters not allowed in concatenations.
                                                                                                                    : ... note: In instance 'testbench.wrapper.processor.u.unicore.unicore_lite.core_minimal.be.calculator'
   22 |     , localparam issue_ptr_p    = ($clog2({1'b0, issue_cinstr_p}+1))                                       
      |                                                  ^~~~~~~~~~~~~~
%Warning-WIDTHCONCAT: /work/black-parrot-sim/black-parrot/bp_be/src/v/bp_be_calculator/bp_be_calculator_top.sv:22:48: Unsized numbers/parameters not allowed in replications.
                                                                                                                    : ... note: In instance 'testbench.wrapper.processor.u.unicore.unicore_lite.core_minimal.be.calculator'
   22 |     , localparam issue_ptr_p    = ($clog2({1'b0, issue_cinstr_p}+1))                                       
      |                                                ^
%Warning-WIDTHCONCAT: /work/black-parrot-sim/black-parrot/bp_be/test/common/bp_be_nonsynth_watchdog.sv:9:50: Unsized numbers/parameters not allowed in concatenations.
                                                                                                           : ... note: In instance 'testbench.wrapper.processor.u.unicore.unicore_lite.core_minimal.be.watchdog'
    9 |     , localparam issue_ptr_p    = ($clog2({1'b0, issue_cinstr_p}+1))                                       
      |                                                  ^~~~~~~~~~~~~~
%Warning-WIDTHCONCAT: /work/black-parrot-sim/black-parrot/bp_be/test/common/bp_be_nonsynth_watchdog.sv:9:48: Unsized numbers/parameters not allowed in replications.
                                                                                                           : ... note: In instance 'testbench.wrapper.processor.u.unicore.unicore_lite.core_minimal.be.watchdog'
    9 |     , localparam issue_ptr_p    = ($clog2({1'b0, issue_cinstr_p}+1))                                       
      |                                                ^
%Warning-WIDTHCONCAT: /work/black-parrot-sim/black-parrot/bp_be/test/common/bp_be_nonsynth_cosim.sv:10:50: Unsized numbers/parameters not allowed in concatenations.
                                                                                                         : ... note: In instance 'testbench.wrapper.processor.u.unicore.unicore_lite.core_minimal.be.cosim'
   10 |     , localparam issue_ptr_p    = ($clog2({1'b0, issue_cinstr_p}+1))                                       
      |                                                  ^~~~~~~~~~~~~~
%Warning-WIDTHCONCAT: /work/black-parrot-sim/black-parrot/bp_be/test/common/bp_be_nonsynth_cosim.sv:10:48: Unsized numbers/parameters not allowed in replications.
                                                                                                         : ... note: In instance 'testbench.wrapper.processor.u.unicore.unicore_lite.core_minimal.be.cosim'
   10 |     , localparam issue_ptr_p    = ($clog2({1'b0, issue_cinstr_p}+1))                                       
      |                                                ^
%Warning-WIDTHCONCAT: /work/black-parrot-sim/black-parrot/bp_me/src/v/network/bp_me_stream_pump_control.sv:26:50: Unsized numbers/parameters not allowed in concatenations.
                                                                                                                : ... note: In instance 'testbench.wrapper.processor.u.unicore.fwd_xbar.sink_comb[0].pump_control'
   26 |     , localparam issue_ptr_p    = ($clog2({1'b0, issue_cinstr_p}+1))                                       
      |                                                  ^~~~~~~~~~~~~~
%Warning-WIDTHCONCAT: /work/black-parrot-sim/black-parrot/bp_me/src/v/network/bp_me_stream_pump_control.sv:26:48: Unsized numbers/parameters not allowed in replications.
                                                                                                                : ... note: In instance 'testbench.wrapper.processor.u.unicore.fwd_xbar.sink_comb[0].pump_control'
   26 |     , localparam issue_ptr_p    = ($clog2({1'b0, issue_cinstr_p}+1))                                       
      |                                                ^
%Warning-WIDTHCONCAT: /work/black-parrot-sim/black-parrot/bp_me/src/v/network/bp_me_stream_gearbox.sv:9:50: Unsized numbers/parameters not allowed in concatenations.
                                                                                                          : ... note: In instance 'testbench.wrapper.processor.u.unicore.unicore_lite.icache_uce.fwd_pump_out.gearbox'
    9 |     , localparam issue_ptr_p    = ($clog2({1'b0, issue_cinstr_p}+1))                                       
      |                                                  ^~~~~~~~~~~~~~
%Warning-WIDTHCONCAT: /work/black-parrot-sim/black-parrot/bp_me/src/v/network/bp_me_stream_gearbox.sv:9:48: Unsized numbers/parameters not allowed in replications.
                                                                                                          : ... note: In instance 'testbench.wrapper.processor.u.unicore.unicore_lite.icache_uce.fwd_pump_out.gearbox'
    9 |     , localparam issue_ptr_p    = ($clog2({1'b0, issue_cinstr_p}+1))                                       
      |                                                ^
%Warning-WIDTHCONCAT: /work/black-parrot-sim/black-parrot/bp_fe/src/v/bp_fe_btb.sv:22:50: Unsized numbers/parameters not allowed in concatenations.
                                                                                        : ... note: In instance 'testbench.wrapper.processor.u.unicore.unicore_lite.core_minimal.fe.pc_gen.btb'
   22 |     , localparam issue_ptr_p    = ($clog2({1'b0, issue_cinstr_p}+1))                                       
      |                                                  ^~~~~~~~~~~~~~
%Warning-WIDTHCONCAT: /work/black-parrot-sim/black-parrot/bp_fe/src/v/bp_fe_btb.sv:22:48: Unsized numbers/parameters not allowed in replications.
                                                                                        : ... note: In instance 'testbench.wrapper.processor.u.unicore.unicore_lite.core_minimal.fe.pc_gen.btb'
   22 |     , localparam issue_ptr_p    = ($clog2({1'b0, issue_cinstr_p}+1))                                       
      |                                                ^
%Warning-WIDTHCONCAT: /work/black-parrot-sim/black-parrot/bp_fe/src/v/bp_fe_bht.sv:19:50: Unsized numbers/parameters not allowed in concatenations.
                                                                                        : ... note: In instance 'testbench.wrapper.processor.u.unicore.unicore_lite.core_minimal.fe.pc_gen.bht'
   19 |     , localparam issue_ptr_p    = ($clog2({1'b0, issue_cinstr_p}+1))                                       
      |                                                  ^~~~~~~~~~~~~~
%Warning-WIDTHCONCAT: /work/black-parrot-sim/black-parrot/bp_fe/src/v/bp_fe_bht.sv:19:48: Unsized numbers/parameters not allowed in replications.
                                                                                        : ... note: In instance 'testbench.wrapper.processor.u.unicore.unicore_lite.core_minimal.fe.pc_gen.bht'
   19 |     , localparam issue_ptr_p    = ($clog2({1'b0, issue_cinstr_p}+1))                                       
      |                                                ^
%Warning-WIDTHCONCAT: /work/black-parrot-sim/black-parrot/bp_fe/src/v/bp_fe_ras.sv:12:50: Unsized numbers/parameters not allowed in concatenations.
                                                                                        : ... note: In instance 'testbench.wrapper.processor.u.unicore.unicore_lite.core_minimal.fe.pc_gen.ras'
   12 |     , localparam issue_ptr_p    = ($clog2({1'b0, issue_cinstr_p}+1))                                       
      |                                                  ^~~~~~~~~~~~~~
%Warning-WIDTHCONCAT: /work/black-parrot-sim/black-parrot/bp_fe/src/v/bp_fe_ras.sv:12:48: Unsized numbers/parameters not allowed in replications.
                                                                                        : ... note: In instance 'testbench.wrapper.processor.u.unicore.unicore_lite.core_minimal.fe.pc_gen.ras'
   12 |     , localparam issue_ptr_p    = ($clog2({1'b0, issue_cinstr_p}+1))                                       
      |                                                ^
%Warning-WIDTHCONCAT: /work/black-parrot-sim/black-parrot/bp_fe/test/common/bp_fe_nonsynth_icache_tracer.sv:10:50: Unsized numbers/parameters not allowed in concatenations.
                                                                                                                 : ... note: In instance 'testbench.wrapper.processor.u.unicore.unicore_lite.core_minimal.fe.icache.icache_tracer'
   10 |     , localparam issue_ptr_p    = ($clog2({1'b0, issue_cinstr_p}+1))                                       
      |                                                  ^~~~~~~~~~~~~~
%Warning-WIDTHCONCAT: /work/black-parrot-sim/black-parrot/bp_fe/test/common/bp_fe_nonsynth_icache_tracer.sv:10:48: Unsized numbers/parameters not allowed in replications.
                                                                                                                 : ... note: In instance 'testbench.wrapper.processor.u.unicore.unicore_lite.core_minimal.fe.icache.icache_tracer'
   10 |     , localparam issue_ptr_p    = ($clog2({1'b0, issue_cinstr_p}+1))                                       
      |                                                ^
%Warning-WIDTHCONCAT: /work/black-parrot-sim/black-parrot/bp_be/src/v/bp_be_checker/bp_be_cmd_queue.sv:9:50: Unsized numbers/parameters not allowed in concatenations.
                                                                                                           : ... note: In instance 'testbench.wrapper.processor.u.unicore.unicore_lite.core_minimal.be.director.fe_cmd_fifo'
    9 |     , localparam issue_ptr_p    = ($clog2({1'b0, issue_cinstr_p}+1))                                       
      |                                                  ^~~~~~~~~~~~~~
%Warning-WIDTHCONCAT: /work/black-parrot-sim/black-parrot/bp_be/src/v/bp_be_checker/bp_be_cmd_queue.sv:9:48: Unsized numbers/parameters not allowed in replications.
                                                                                                           : ... note: In instance 'testbench.wrapper.processor.u.unicore.unicore_lite.core_minimal.be.director.fe_cmd_fifo'
    9 |     , localparam issue_ptr_p    = ($clog2({1'b0, issue_cinstr_p}+1))                                       
      |                                                ^
%Warning-WIDTHCONCAT: /work/black-parrot-sim/black-parrot/bp_be/src/v/bp_be_checker/bp_be_scoreboard.sv:9:50: Unsized numbers/parameters not allowed in concatenations.
                                                                                                            : ... note: In instance 'testbench.wrapper.processor.u.unicore.unicore_lite.core_minimal.be.detector.int_scoreboard'
    9 |     , localparam issue_ptr_p    = ($clog2({1'b0, issue_cinstr_p}+1))                                       
      |                                                  ^~~~~~~~~~~~~~
%Warning-WIDTHCONCAT: /work/black-parrot-sim/black-parrot/bp_be/src/v/bp_be_checker/bp_be_scoreboard.sv:9:48: Unsized numbers/parameters not allowed in replications.
                                                                                                            : ... note: In instance 'testbench.wrapper.processor.u.unicore.unicore_lite.core_minimal.be.detector.int_scoreboard'
    9 |     , localparam issue_ptr_p    = ($clog2({1'b0, issue_cinstr_p}+1))                                       
      |                                                ^
%Warning-WIDTHCONCAT: /work/black-parrot-sim/black-parrot/bp_be/src/v/bp_be_calculator/bp_be_ptw.sv:9:50: Unsized numbers/parameters not allowed in concatenations.
                                                                                                        : ... note: In instance 'testbench.wrapper.processor.u.unicore.unicore_lite.core_minimal.be.scheduler.ptw'
    9 |     , localparam issue_ptr_p    = ($clog2({1'b0, issue_cinstr_p}+1))                                       
      |                                                  ^~~~~~~~~~~~~~
%Warning-WIDTHCONCAT: /work/black-parrot-sim/black-parrot/bp_be/src/v/bp_be_calculator/bp_be_ptw.sv:9:48: Unsized numbers/parameters not allowed in replications.
                                                                                                        : ... note: In instance 'testbench.wrapper.processor.u.unicore.unicore_lite.core_minimal.be.scheduler.ptw'
    9 |     , localparam issue_ptr_p    = ($clog2({1'b0, issue_cinstr_p}+1))                                       
      |                                                ^
%Warning-WIDTHCONCAT: /work/black-parrot-sim/black-parrot/bp_be/src/v/bp_be_checker/bp_be_issue_queue.sv:9:50: Unsized numbers/parameters not allowed in concatenations.
                                                                                                             : ... note: In instance 'testbench.wrapper.processor.u.unicore.unicore_lite.core_minimal.be.scheduler.issue_queue'
    9 |     , localparam issue_ptr_p    = ($clog2({1'b0, issue_cinstr_p}+1))                                       
      |                                                  ^~~~~~~~~~~~~~
%Warning-WIDTHCONCAT: /work/black-parrot-sim/black-parrot/bp_be/src/v/bp_be_checker/bp_be_issue_queue.sv:9:48: Unsized numbers/parameters not allowed in replications.
                                                                                                             : ... note: In instance 'testbench.wrapper.processor.u.unicore.unicore_lite.core_minimal.be.scheduler.issue_queue'
    9 |     , localparam issue_ptr_p    = ($clog2({1'b0, issue_cinstr_p}+1))                                       
      |                                                ^
%Warning-WIDTHCONCAT: /work/black-parrot-sim/black-parrot/bp_be/src/v/bp_be_checker/bp_be_issue_queue.sv:14:50: Unsized numbers/parameters not allowed in concatenations.
                                                                                                              : ... note: In instance 'testbench.wrapper.processor.u.unicore.unicore_lite.core_minimal.be.scheduler.issue_queue'
   14 |    , localparam op_ptr_width_lp = ($clog2({1'b0, entry_cinstr_gp}+1))
      |                                                  ^~~~~~~~~~~~~~~
%Warning-WIDTHCONCAT: /work/black-parrot-sim/black-parrot/bp_be/src/v/bp_be_checker/bp_be_issue_queue.sv:14:48: Unsized numbers/parameters not allowed in replications.
                                                                                                              : ... note: In instance 'testbench.wrapper.processor.u.unicore.unicore_lite.core_minimal.be.scheduler.issue_queue'
   14 |    , localparam op_ptr_width_lp = ($clog2({1'b0, entry_cinstr_gp}+1))
      |                                                ^
%Warning-WIDTHCONCAT: /work/black-parrot-sim/black-parrot/bp_be/src/v/bp_be_checker/bp_be_regfile.sv:23:50: Unsized numbers/parameters not allowed in concatenations.
                                                                                                          : ... note: In instance 'testbench.wrapper.processor.u.unicore.unicore_lite.core_minimal.be.scheduler.int_regfile'
   23 |     , localparam issue_ptr_p    = ($clog2({1'b0, issue_cinstr_p}+1))                                       
      |                                                  ^~~~~~~~~~~~~~
%Warning-WIDTHCONCAT: /work/black-parrot-sim/black-parrot/bp_be/src/v/bp_be_checker/bp_be_regfile.sv:23:48: Unsized numbers/parameters not allowed in replications.
                                                                                                          : ... note: In instance 'testbench.wrapper.processor.u.unicore.unicore_lite.core_minimal.be.scheduler.int_regfile'
   23 |     , localparam issue_ptr_p    = ($clog2({1'b0, issue_cinstr_p}+1))                                       
      |                                                ^
%Warning-WIDTHCONCAT: /work/black-parrot-sim/black-parrot/bp_be/src/v/bp_be_calculator/bp_be_reservation.sv:9:50: Unsized numbers/parameters not allowed in concatenations.
                                                                                                                : ... note: In instance 'testbench.wrapper.processor.u.unicore.unicore_lite.core_minimal.be.calculator.reservation_reg'
    9 |     , localparam issue_ptr_p    = ($clog2({1'b0, issue_cinstr_p}+1))                                       
      |                                                  ^~~~~~~~~~~~~~
%Warning-WIDTHCONCAT: /work/black-parrot-sim/black-parrot/bp_be/src/v/bp_be_calculator/bp_be_reservation.sv:9:48: Unsized numbers/parameters not allowed in replications.
                                                                                                                : ... note: In instance 'testbench.wrapper.processor.u.unicore.unicore_lite.core_minimal.be.calculator.reservation_reg'
    9 |     , localparam issue_ptr_p    = ($clog2({1'b0, issue_cinstr_p}+1))                                       
      |                                                ^
%Warning-WIDTHCONCAT: /work/black-parrot-sim/black-parrot/bp_be/src/v/bp_be_calculator/bp_be_pipe_sys.sv:18:50: Unsized numbers/parameters not allowed in concatenations.
                                                                                                              : ... note: In instance 'testbench.wrapper.processor.u.unicore.unicore_lite.core_minimal.be.calculator.pipe_sys'
   18 |     , localparam issue_ptr_p    = ($clog2({1'b0, issue_cinstr_p}+1))                                       
      |                                                  ^~~~~~~~~~~~~~
%Warning-WIDTHCONCAT: /work/black-parrot-sim/black-parrot/bp_be/src/v/bp_be_calculator/bp_be_pipe_sys.sv:18:48: Unsized numbers/parameters not allowed in replications.
                                                                                                              : ... note: In instance 'testbench.wrapper.processor.u.unicore.unicore_lite.core_minimal.be.calculator.pipe_sys'
   18 |     , localparam issue_ptr_p    = ($clog2({1'b0, issue_cinstr_p}+1))                                       
      |                                                ^
%Warning-WIDTHCONCAT: /work/black-parrot-sim/black-parrot/bp_be/src/v/bp_be_calculator/bp_be_pipe_int.sv:19:50: Unsized numbers/parameters not allowed in concatenations.
                                                                                                              : ... note: In instance 'testbench.wrapper.processor.u.unicore.unicore_lite.core_minimal.be.calculator.pipe_int_early'
   19 |     , localparam issue_ptr_p    = ($clog2({1'b0, issue_cinstr_p}+1))                                       
      |                                                  ^~~~~~~~~~~~~~
%Warning-WIDTHCONCAT: /work/black-parrot-sim/black-parrot/bp_be/src/v/bp_be_calculator/bp_be_pipe_int.sv:19:48: Unsized numbers/parameters not allowed in replications.
                                                                                                              : ... note: In instance 'testbench.wrapper.processor.u.unicore.unicore_lite.core_minimal.be.calculator.pipe_int_early'
   19 |     , localparam issue_ptr_p    = ($clog2({1'b0, issue_cinstr_p}+1))                                       
      |                                                ^
%Warning-WIDTHCONCAT: /work/black-parrot-sim/black-parrot/bp_be/src/v/bp_be_calculator/bp_be_pipe_aux.sv:19:50: Unsized numbers/parameters not allowed in concatenations.
                                                                                                              : ... note: In instance 'testbench.wrapper.processor.u.unicore.unicore_lite.core_minimal.be.calculator.pipe_aux'
   19 |     , localparam issue_ptr_p    = ($clog2({1'b0, issue_cinstr_p}+1))                                       
      |                                                  ^~~~~~~~~~~~~~
%Warning-WIDTHCONCAT: /work/black-parrot-sim/black-parrot/bp_be/src/v/bp_be_calculator/bp_be_pipe_aux.sv:19:48: Unsized numbers/parameters not allowed in replications.
                                                                                                              : ... note: In instance 'testbench.wrapper.processor.u.unicore.unicore_lite.core_minimal.be.calculator.pipe_aux'
   19 |     , localparam issue_ptr_p    = ($clog2({1'b0, issue_cinstr_p}+1))                                       
      |                                                ^
%Warning-WIDTHCONCAT: /work/black-parrot-sim/black-parrot/bp_be/src/v/bp_be_calculator/bp_be_pipe_mem.sv:20:50: Unsized numbers/parameters not allowed in concatenations.
                                                                                                              : ... note: In instance 'testbench.wrapper.processor.u.unicore.unicore_lite.core_minimal.be.calculator.pipe_mem'
   20 |     , localparam issue_ptr_p    = ($clog2({1'b0, issue_cinstr_p}+1))                                       
      |                                                  ^~~~~~~~~~~~~~
%Warning-WIDTHCONCAT: /work/black-parrot-sim/black-parrot/bp_be/src/v/bp_be_calculator/bp_be_pipe_mem.sv:20:48: Unsized numbers/parameters not allowed in replications.
                                                                                                              : ... note: In instance 'testbench.wrapper.processor.u.unicore.unicore_lite.core_minimal.be.calculator.pipe_mem'
   20 |     , localparam issue_ptr_p    = ($clog2({1'b0, issue_cinstr_p}+1))                                       
      |                                                ^
%Warning-WIDTHCONCAT: /work/black-parrot-sim/black-parrot/bp_be/src/v/bp_be_calculator/bp_be_pipe_fma.sv:33:50: Unsized numbers/parameters not allowed in concatenations.
                                                                                                              : ... note: In instance 'testbench.wrapper.processor.u.unicore.unicore_lite.core_minimal.be.calculator.pipe_fma'
   33 |     , localparam issue_ptr_p    = ($clog2({1'b0, issue_cinstr_p}+1))                                       
      |                                                  ^~~~~~~~~~~~~~
%Warning-WIDTHCONCAT: /work/black-parrot-sim/black-parrot/bp_be/src/v/bp_be_calculator/bp_be_pipe_fma.sv:33:48: Unsized numbers/parameters not allowed in replications.
                                                                                                              : ... note: In instance 'testbench.wrapper.processor.u.unicore.unicore_lite.core_minimal.be.calculator.pipe_fma'
   33 |     , localparam issue_ptr_p    = ($clog2({1'b0, issue_cinstr_p}+1))                                       
      |                                                ^
%Warning-WIDTHCONCAT: /work/black-parrot-sim/black-parrot/bp_be/src/v/bp_be_calculator/bp_be_pipe_long.sv:9:50: Unsized numbers/parameters not allowed in concatenations.
                                                                                                              : ... note: In instance 'testbench.wrapper.processor.u.unicore.unicore_lite.core_minimal.be.calculator.pipe_long'
    9 |     , localparam issue_ptr_p    = ($clog2({1'b0, issue_cinstr_p}+1))                                       
      |                                                  ^~~~~~~~~~~~~~
%Warning-WIDTHCONCAT: /work/black-parrot-sim/black-parrot/bp_be/src/v/bp_be_calculator/bp_be_pipe_long.sv:9:48: Unsized numbers/parameters not allowed in replications.
                                                                                                              : ... note: In instance 'testbench.wrapper.processor.u.unicore.unicore_lite.core_minimal.be.calculator.pipe_long'
    9 |     , localparam issue_ptr_p    = ($clog2({1'b0, issue_cinstr_p}+1))                                       
      |                                                ^
%Warning-WIDTHCONCAT: /work/black-parrot-sim/black-parrot/bp_common/src/v/bp_mmu.sv:10:50: Unsized numbers/parameters not allowed in concatenations.
                                                                                         : ... note: In instance 'testbench.wrapper.processor.u.unicore.unicore_lite.core_minimal.fe.immu'
   10 |     , localparam issue_ptr_p    = ($clog2({1'b0, issue_cinstr_p}+1))                                       
      |                                                  ^~~~~~~~~~~~~~
%Warning-WIDTHCONCAT: /work/black-parrot-sim/black-parrot/bp_common/src/v/bp_mmu.sv:10:48: Unsized numbers/parameters not allowed in replications.
                                                                                         : ... note: In instance 'testbench.wrapper.processor.u.unicore.unicore_lite.core_minimal.fe.immu'
   10 |     , localparam issue_ptr_p    = ($clog2({1'b0, issue_cinstr_p}+1))                                       
      |                                                ^
%Warning-WIDTHCONCAT: /work/black-parrot-sim/black-parrot/bp_be/src/v/bp_be_calculator/bp_be_int_unbox.sv:9:50: Unsized numbers/parameters not allowed in concatenations.
                                                                                                              : ... note: In instance 'testbench.wrapper.processor.u.unicore.unicore_lite.core_minimal.be.calculator.catchup.irs1_unbox'
    9 |     , localparam issue_ptr_p    = ($clog2({1'b0, issue_cinstr_p}+1))                                       
      |                                                  ^~~~~~~~~~~~~~
%Warning-WIDTHCONCAT: /work/black-parrot-sim/black-parrot/bp_be/src/v/bp_be_calculator/bp_be_int_unbox.sv:9:48: Unsized numbers/parameters not allowed in replications.
                                                                                                              : ... note: In instance 'testbench.wrapper.processor.u.unicore.unicore_lite.core_minimal.be.calculator.catchup.irs1_unbox'
    9 |     , localparam issue_ptr_p    = ($clog2({1'b0, issue_cinstr_p}+1))                                       
      |                                                ^
%Warning-WIDTHCONCAT: /work/black-parrot-sim/black-parrot/bp_be/src/v/bp_be_calculator/bp_be_fp_unbox.sv:9:50: Unsized numbers/parameters not allowed in concatenations.
                                                                                                             : ... note: In instance 'testbench.wrapper.processor.u.unicore.unicore_lite.core_minimal.be.cosim.fp_unbox'
    9 |     , localparam issue_ptr_p    = ($clog2({1'b0, issue_cinstr_p}+1))                                       
      |                                                  ^~~~~~~~~~~~~~
%Warning-WIDTHCONCAT: /work/black-parrot-sim/black-parrot/bp_be/src/v/bp_be_calculator/bp_be_fp_unbox.sv:9:48: Unsized numbers/parameters not allowed in replications.
                                                                                                             : ... note: In instance 'testbench.wrapper.processor.u.unicore.unicore_lite.core_minimal.be.cosim.fp_unbox'
    9 |     , localparam issue_ptr_p    = ($clog2({1'b0, issue_cinstr_p}+1))                                       
      |                                                ^
%Warning-WIDTHCONCAT: /work/black-parrot-sim/black-parrot/bp_be/src/v/bp_be_checker/bp_be_instr_decoder.sv:22:50: Unsized numbers/parameters not allowed in concatenations.
                                                                                                                : ... note: In instance 'testbench.wrapper.processor.u.unicore.unicore_lite.core_minimal.be.scheduler.issue_queue.instr_decoder'
   22 |     , localparam issue_ptr_p    = ($clog2({1'b0, issue_cinstr_p}+1))                                       
      |                                                  ^~~~~~~~~~~~~~
%Warning-WIDTHCONCAT: /work/black-parrot-sim/black-parrot/bp_be/src/v/bp_be_checker/bp_be_instr_decoder.sv:22:48: Unsized numbers/parameters not allowed in replications.
                                                                                                                : ... note: In instance 'testbench.wrapper.processor.u.unicore.unicore_lite.core_minimal.be.scheduler.issue_queue.instr_decoder'
   22 |     , localparam issue_ptr_p    = ($clog2({1'b0, issue_cinstr_p}+1))                                       
      |                                                ^
%Warning-WIDTHCONCAT: /work/black-parrot-sim/black-parrot/bp_be/src/v/bp_be_calculator/bp_be_csr.sv:9:50: Unsized numbers/parameters not allowed in concatenations.
                                                                                                        : ... note: In instance 'testbench.wrapper.processor.u.unicore.unicore_lite.core_minimal.be.calculator.pipe_sys.csr'
    9 |     , localparam issue_ptr_p    = ($clog2({1'b0, issue_cinstr_p}+1))                                       
      |                                                  ^~~~~~~~~~~~~~
%Warning-WIDTHCONCAT: /work/black-parrot-sim/black-parrot/bp_be/src/v/bp_be_calculator/bp_be_csr.sv:9:48: Unsized numbers/parameters not allowed in replications.
                                                                                                        : ... note: In instance 'testbench.wrapper.processor.u.unicore.unicore_lite.core_minimal.be.calculator.pipe_sys.csr'
    9 |     , localparam issue_ptr_p    = ($clog2({1'b0, issue_cinstr_p}+1))                                       
      |                                                ^
%Warning-WIDTHCONCAT: /work/black-parrot-sim/black-parrot/bp_be/src/v/bp_be_calculator/bp_be_int_box.sv:9:50: Unsized numbers/parameters not allowed in concatenations.
                                                                                                            : ... note: In instance 'testbench.wrapper.processor.u.unicore.unicore_lite.core_minimal.be.calculator.pipe_int_early.box'
    9 |     , localparam issue_ptr_p    = ($clog2({1'b0, issue_cinstr_p}+1))                                       
      |                                                  ^~~~~~~~~~~~~~
%Warning-WIDTHCONCAT: /work/black-parrot-sim/black-parrot/bp_be/src/v/bp_be_calculator/bp_be_int_box.sv:9:48: Unsized numbers/parameters not allowed in replications.
                                                                                                            : ... note: In instance 'testbench.wrapper.processor.u.unicore.unicore_lite.core_minimal.be.calculator.pipe_int_early.box'
    9 |     , localparam issue_ptr_p    = ($clog2({1'b0, issue_cinstr_p}+1))                                       
      |                                                ^
%Warning-WIDTHCONCAT: /work/black-parrot-sim/black-parrot/bp_be/src/v/bp_be_calculator/bp_be_rec_to_raw.sv:9:50: Unsized numbers/parameters not allowed in concatenations.
                                                                                                               : ... note: In instance 'testbench.wrapper.processor.u.unicore.unicore_lite.core_minimal.be.calculator.pipe_aux.frs1_to_raw'
    9 |     , localparam issue_ptr_p    = ($clog2({1'b0, issue_cinstr_p}+1))                                       
      |                                                  ^~~~~~~~~~~~~~
%Warning-WIDTHCONCAT: /work/black-parrot-sim/black-parrot/bp_be/src/v/bp_be_calculator/bp_be_rec_to_raw.sv:9:48: Unsized numbers/parameters not allowed in replications.
                                                                                                               : ... note: In instance 'testbench.wrapper.processor.u.unicore.unicore_lite.core_minimal.be.calculator.pipe_aux.frs1_to_raw'
    9 |     , localparam issue_ptr_p    = ($clog2({1'b0, issue_cinstr_p}+1))                                       
      |                                                ^
%Warning-WIDTHCONCAT: /work/black-parrot-sim/black-parrot/bp_be/src/v/bp_be_calculator/bp_be_fp_box.sv:9:50: Unsized numbers/parameters not allowed in concatenations.
                                                                                                           : ... note: In instance 'testbench.wrapper.processor.u.unicore.unicore_lite.core_minimal.be.calculator.pipe_aux.fp_box'
    9 |     , localparam issue_ptr_p    = ($clog2({1'b0, issue_cinstr_p}+1))                                       
      |                                                  ^~~~~~~~~~~~~~
%Warning-WIDTHCONCAT: /work/black-parrot-sim/black-parrot/bp_be/src/v/bp_be_calculator/bp_be_fp_box.sv:9:48: Unsized numbers/parameters not allowed in replications.
                                                                                                           : ... note: In instance 'testbench.wrapper.processor.u.unicore.unicore_lite.core_minimal.be.calculator.pipe_aux.fp_box'
    9 |     , localparam issue_ptr_p    = ($clog2({1'b0, issue_cinstr_p}+1))                                       
      |                                                ^
%Warning-WIDTHCONCAT: /work/black-parrot-sim/black-parrot/bp_be/src/v/bp_be_calculator/bp_be_fp_rebox.sv:9:50: Unsized numbers/parameters not allowed in concatenations.
                                                                                                             : ... note: In instance 'testbench.wrapper.processor.u.unicore.unicore_lite.core_minimal.be.calculator.pipe_aux.rebox'
    9 |     , localparam issue_ptr_p    = ($clog2({1'b0, issue_cinstr_p}+1))                                       
      |                                                  ^~~~~~~~~~~~~~
%Warning-WIDTHCONCAT: /work/black-parrot-sim/black-parrot/bp_be/src/v/bp_be_calculator/bp_be_fp_rebox.sv:9:48: Unsized numbers/parameters not allowed in replications.
                                                                                                             : ... note: In instance 'testbench.wrapper.processor.u.unicore.unicore_lite.core_minimal.be.calculator.pipe_aux.rebox'
    9 |     , localparam issue_ptr_p    = ($clog2({1'b0, issue_cinstr_p}+1))                                       
      |                                                ^
%Warning-WIDTHCONCAT: /work/black-parrot-sim/black-parrot/bp_be/src/v/bp_be_dcache/bp_be_dcache.sv:81:50: Unsized numbers/parameters not allowed in concatenations.
                                                                                                        : ... note: In instance 'testbench.wrapper.processor.u.unicore.unicore_lite.core_minimal.be.calculator.pipe_mem.dcache'
   81 |     , localparam issue_ptr_p    = ($clog2({1'b0, issue_cinstr_p}+1))                                       
      |                                                  ^~~~~~~~~~~~~~
%Warning-WIDTHCONCAT: /work/black-parrot-sim/black-parrot/bp_be/src/v/bp_be_dcache/bp_be_dcache.sv:81:48: Unsized numbers/parameters not allowed in replications.
                                                                                                        : ... note: In instance 'testbench.wrapper.processor.u.unicore.unicore_lite.core_minimal.be.calculator.pipe_mem.dcache'
   81 |     , localparam issue_ptr_p    = ($clog2({1'b0, issue_cinstr_p}+1))                                       
      |                                                ^
%Warning-WIDTHCONCAT: /work/black-parrot-sim/black-parrot/bp_common/src/v/bp_tlb.sv:13:50: Unsized numbers/parameters not allowed in concatenations.
                                                                                         : ... note: In instance 'testbench.wrapper.processor.u.unicore.unicore_lite.core_minimal.fe.immu.tlb'
   13 |     , localparam issue_ptr_p    = ($clog2({1'b0, issue_cinstr_p}+1))                                       
      |                                                  ^~~~~~~~~~~~~~
%Warning-WIDTHCONCAT: /work/black-parrot-sim/black-parrot/bp_common/src/v/bp_tlb.sv:13:48: Unsized numbers/parameters not allowed in replications.
                                                                                         : ... note: In instance 'testbench.wrapper.processor.u.unicore.unicore_lite.core_minimal.fe.immu.tlb'
   13 |     , localparam issue_ptr_p    = ($clog2({1'b0, issue_cinstr_p}+1))                                       
      |                                                ^
%Warning-WIDTHCONCAT: /work/black-parrot-sim/black-parrot/bp_common/src/v/bp_pma.sv:7:50: Unsized numbers/parameters not allowed in concatenations.
                                                                                        : ... note: In instance 'testbench.wrapper.processor.u.unicore.unicore_lite.core_minimal.fe.immu.pma'
    7 |     , localparam issue_ptr_p    = ($clog2({1'b0, issue_cinstr_p}+1))                                       
      |                                                  ^~~~~~~~~~~~~~
%Warning-WIDTHCONCAT: /work/black-parrot-sim/black-parrot/bp_common/src/v/bp_pma.sv:7:48: Unsized numbers/parameters not allowed in replications.
                                                                                        : ... note: In instance 'testbench.wrapper.processor.u.unicore.unicore_lite.core_minimal.fe.immu.pma'
    7 |     , localparam issue_ptr_p    = ($clog2({1'b0, issue_cinstr_p}+1))                                       
      |                                                ^
%Warning-WIDTHCONCAT: /work/black-parrot-sim/black-parrot/bp_be/test/common/bp_be_nonsynth_perf.sv:10:50: Unsized numbers/parameters not allowed in concatenations.
                                                                                                        : ... note: In instance 'testbench.wrapper.processor.u.unicore.unicore_lite.core_minimal.be.calculator.pipe_sys.csr.perf'
   10 |     , localparam issue_ptr_p    = ($clog2({1'b0, issue_cinstr_p}+1))                                       
      |                                                  ^~~~~~~~~~~~~~
%Warning-WIDTHCONCAT: /work/black-parrot-sim/black-parrot/bp_be/test/common/bp_be_nonsynth_perf.sv:10:48: Unsized numbers/parameters not allowed in replications.
                                                                                                        : ... note: In instance 'testbench.wrapper.processor.u.unicore.unicore_lite.core_minimal.be.calculator.pipe_sys.csr.perf'
   10 |     , localparam issue_ptr_p    = ($clog2({1'b0, issue_cinstr_p}+1))                                       
      |                                                ^
%Warning-WIDTHCONCAT: /work/black-parrot-sim/black-parrot/bp_be/src/v/bp_be_dcache/bp_be_dcache_decoder.sv:9:50: Unsized numbers/parameters not allowed in concatenations.
                                                                                                               : ... note: In instance 'testbench.wrapper.processor.u.unicore.unicore_lite.core_minimal.be.calculator.pipe_mem.dcache.pkt_decoder'
    9 |     , localparam issue_ptr_p    = ($clog2({1'b0, issue_cinstr_p}+1))                                       
      |                                                  ^~~~~~~~~~~~~~
%Warning-WIDTHCONCAT: /work/black-parrot-sim/black-parrot/bp_be/src/v/bp_be_dcache/bp_be_dcache_decoder.sv:9:48: Unsized numbers/parameters not allowed in replications.
                                                                                                               : ... note: In instance 'testbench.wrapper.processor.u.unicore.unicore_lite.core_minimal.be.calculator.pipe_mem.dcache.pkt_decoder'
    9 |     , localparam issue_ptr_p    = ($clog2({1'b0, issue_cinstr_p}+1))                                       
      |                                                ^
%Warning-WIDTHCONCAT: /work/black-parrot-sim/black-parrot/bp_be/src/v/bp_be_dcache/bp_be_dcache_wbuf.sv:16:50: Unsized numbers/parameters not allowed in concatenations.
                                                                                                             : ... note: In instance 'testbench.wrapper.processor.u.unicore.unicore_lite.core_minimal.be.calculator.pipe_mem.dcache.wbuf'
   16 |     , localparam issue_ptr_p    = ($clog2({1'b0, issue_cinstr_p}+1))                                       
      |                                                  ^~~~~~~~~~~~~~
%Warning-WIDTHCONCAT: /work/black-parrot-sim/black-parrot/bp_be/src/v/bp_be_dcache/bp_be_dcache_wbuf.sv:16:48: Unsized numbers/parameters not allowed in replications.
                                                                                                             : ... note: In instance 'testbench.wrapper.processor.u.unicore.unicore_lite.core_minimal.be.calculator.pipe_mem.dcache.wbuf'
   16 |     , localparam issue_ptr_p    = ($clog2({1'b0, issue_cinstr_p}+1))                                       
      |                                                ^
%Warning-WIDTHCONCAT: /work/black-parrot-sim/black-parrot/bp_be/test/common/bp_be_nonsynth_dcache_tracer.sv:10:50: Unsized numbers/parameters not allowed in concatenations.
                                                                                                                 : ... note: In instance 'testbench.wrapper.processor.u.unicore.unicore_lite.core_minimal.be.calculator.pipe_mem.dcache.dcache_tracer'
   10 |     , localparam issue_ptr_p    = ($clog2({1'b0, issue_cinstr_p}+1))                                       
      |                                                  ^~~~~~~~~~~~~~
%Warning-WIDTHCONCAT: /work/black-parrot-sim/black-parrot/bp_be/test/common/bp_be_nonsynth_dcache_tracer.sv:10:48: Unsized numbers/parameters not allowed in replications.
                                                                                                                 : ... note: In instance 'testbench.wrapper.processor.u.unicore.unicore_lite.core_minimal.be.calculator.pipe_mem.dcache.dcache_tracer'
   10 |     , localparam issue_ptr_p    = ($clog2({1'b0, issue_cinstr_p}+1))                                       
      |                                                ^
%Warning-WIDTHCONCAT: /work/black-parrot-sim/black-parrot/external/basejump_stl/bsg_misc/bsg_counter_up_down.sv:32:56: Unsized numbers/parameters not allowed in concatenations.
                                                                                                                     : ... note: In instance 'testbench.wrapper.processor.u.unicore.unicore_lite.icache_uce.credit_counter.gen_blk_0.counter'
   32 |                                         ($clog2({1'b0, max_step_p}+1))
      |                                                        ^~~~~~~~~~
%Warning-WIDTHCONCAT: /work/black-parrot-sim/black-parrot/external/basejump_stl/bsg_misc/bsg_counter_up_down.sv:32:54: Unsized numbers/parameters not allowed in replications.
                                                                                                                     : ... note: In instance 'testbench.wrapper.processor.u.unicore.unicore_lite.icache_uce.credit_counter.gen_blk_0.counter'
   32 |                                         ($clog2({1'b0, max_step_p}+1))
      |                                                      ^
%Warning-WIDTHCONCAT: /work/black-parrot-sim/black-parrot/external/basejump_stl/bsg_misc/bsg_counter_up_down.sv:32:54: Unsized numbers/parameters not allowed in concatenations.
                                                                                                                     : ... note: In instance 'testbench.wrapper.processor.u.unicore.unicore_lite.icache_uce.credit_counter.gen_blk_0.counter'
   32 |                                         ($clog2({1'b0, max_step_p}+1))
      |                                                      ^
%Warning-WIDTHCONCAT: /work/black-parrot-sim/black-parrot/external/basejump_stl/bsg_misc/bsg_counting_leading_zeros.sv:11:48: Unsized numbers/parameters not allowed in concatenations.
                                                                                                                            : ... note: In instance 'testbench.wrapper.processor.u.unicore.unicore_lite.core_minimal.be.calculator.pipe_int_early.bclzh'
   11 |   , parameter num_zero_width_lp=($clog2({1'b0, width_p}+1))
      |                                                ^~~~~~~
%Warning-WIDTHCONCAT: /work/black-parrot-sim/black-parrot/external/basejump_stl/bsg_misc/bsg_counting_leading_zeros.sv:11:46: Unsized numbers/parameters not allowed in replications.
                                                                                                                            : ... note: In instance 'testbench.wrapper.processor.u.unicore.unicore_lite.core_minimal.be.calculator.pipe_int_early.bclzh'
   11 |   , parameter num_zero_width_lp=($clog2({1'b0, width_p}+1))
      |                                              ^
%Warning-WIDTHCONCAT: /work/black-parrot-sim/black-parrot/external/basejump_stl/bsg_misc/bsg_counting_leading_zeros.sv:11:46: Unsized numbers/parameters not allowed in concatenations.
                                                                                                                            : ... note: In instance 'testbench.wrapper.processor.u.unicore.unicore_lite.core_minimal.be.calculator.pipe_int_early.bclzh'
   11 |   , parameter num_zero_width_lp=($clog2({1'b0, width_p}+1))
      |                                              ^
%Warning-WIDTHCONCAT: /work/black-parrot-sim/black-parrot/external/basejump_stl/bsg_misc/bsg_counter_clear_up.sv:13:45: Unsized numbers/parameters not allowed in concatenations.
                                                                                                                      : ... note: In instance 'testbench.wrapper.processor.u.unicore.unicore_lite.core_minimal.be.calculator.pipe_mem.dcache.l1_lrsc.lrsc_lock_counter'
   13 |                              ($clog2({1'b0, max_val_p}+1))
      |                                             ^~~~~~~~~
%Warning-WIDTHCONCAT: /work/black-parrot-sim/black-parrot/external/basejump_stl/bsg_misc/bsg_counter_clear_up.sv:13:43: Unsized numbers/parameters not allowed in replications.
                                                                                                                      : ... note: In instance 'testbench.wrapper.processor.u.unicore.unicore_lite.core_minimal.be.calculator.pipe_mem.dcache.l1_lrsc.lrsc_lock_counter'
   13 |                              ($clog2({1'b0, max_val_p}+1))
      |                                           ^
%Warning-WIDTHCONCAT: /work/black-parrot-sim/black-parrot/external/basejump_stl/bsg_misc/bsg_counter_clear_up.sv:13:43: Unsized numbers/parameters not allowed in concatenations.
                                                                                                                      : ... note: In instance 'testbench.wrapper.processor.u.unicore.unicore_lite.core_minimal.be.calculator.pipe_mem.dcache.l1_lrsc.lrsc_lock_counter'
   13 |                              ($clog2({1'b0, max_val_p}+1))
      |                                           ^
%Warning-WIDTHCONCAT: /work/black-parrot-sim/black-parrot/external/basejump_stl/bsg_misc/bsg_counter_up_down.sv:34:56: Unsized numbers/parameters not allowed in concatenations.
                                                                                                                     : ... note: In instance 'testbench.wrapper.processor.u.unicore.unicore_lite.core_minimal.be.calculator.pipe_mem.dcache.wbuf.num_els_counter'
   34 |                                         ($clog2({1'b0, max_val_p}+1)))
      |                                                        ^~~~~~~~~
%Warning-WIDTHCONCAT: /work/black-parrot-sim/black-parrot/external/basejump_stl/bsg_misc/bsg_counter_up_down.sv:34:54: Unsized numbers/parameters not allowed in replications.
                                                                                                                     : ... note: In instance 'testbench.wrapper.processor.u.unicore.unicore_lite.core_minimal.be.calculator.pipe_mem.dcache.wbuf.num_els_counter'
   34 |                                         ($clog2({1'b0, max_val_p}+1)))
      |                                                      ^
%Warning-WIDTHCONCAT: /work/black-parrot-sim/black-parrot/external/basejump_stl/bsg_misc/bsg_counter_up_down.sv:34:54: Unsized numbers/parameters not allowed in concatenations.
                                                                                                                     : ... note: In instance 'testbench.wrapper.processor.u.unicore.unicore_lite.core_minimal.be.calculator.pipe_mem.dcache.wbuf.num_els_counter'
   34 |                                         ($clog2({1'b0, max_val_p}+1)))
      |                                                      ^
%Warning-WIDTHCONCAT: /work/black-parrot-sim/black-parrot/external/basejump_stl/bsg_misc/bsg_idiv_iterative_controller.sv:70:32: Unsized numbers/parameters not allowed in concatenations.
                                                                                                                               : ... note: In instance 'testbench.wrapper.processor.u.unicore.unicore_lite.core_minimal.be.calculator.pipe_long.idiv.control'
   70 |   logic [($clog2({1'b0, width_p/bits_per_iter_p}+1))-1:0] calc_cnt;
      |                                ^
%Warning-WIDTHCONCAT: /work/black-parrot-sim/black-parrot/external/basejump_stl/bsg_misc/bsg_idiv_iterative_controller.sv:70:23: Unsized numbers/parameters not allowed in replications.
                                                                                                                               : ... note: In instance 'testbench.wrapper.processor.u.unicore.unicore_lite.core_minimal.be.calculator.pipe_long.idiv.control'
   70 |   logic [($clog2({1'b0, width_p/bits_per_iter_p}+1))-1:0] calc_cnt;
      |                       ^
%Warning-WIDTHCONCAT: /work/black-parrot-sim/black-parrot/bp_common/src/v/bp_tlb.sv:259:25: Unsized numbers/parameters not allowed in concatenations.
                                                                                          : ... note: In instance 'testbench.wrapper.processor.u.unicore.unicore_lite.core_minimal.fe.immu.tlb'
  259 |   logic [($clog2({1'b0, 3}+1))-1:0] match_cnt;
      |                         ^
%Warning-WIDTHCONCAT: /work/black-parrot-sim/black-parrot/bp_common/src/v/bp_tlb.sv:259:23: Unsized numbers/parameters not allowed in replications.
                                                                                          : ... note: In instance 'testbench.wrapper.processor.u.unicore.unicore_lite.core_minimal.fe.immu.tlb'
  259 |   logic [($clog2({1'b0, 3}+1))-1:0] match_cnt;
      |                       ^
%Warning-WIDTHCONCAT: /work/black-parrot-sim/black-parrot/bp_common/src/v/bp_tlb.sv:259:23: Unsized numbers/parameters not allowed in concatenations.
                                                                                          : ... note: In instance 'testbench.wrapper.processor.u.unicore.unicore_lite.core_minimal.fe.immu.tlb'
  259 |   logic [($clog2({1'b0, 3}+1))-1:0] match_cnt;
      |                       ^
%Warning-WIDTHCONCAT: /work/black-parrot-sim/black-parrot/bp_be/src/v/bp_be_dcache/bp_be_dcache.sv:1148:29: Unsized numbers/parameters not allowed in concatenations.
                                                                                                          : ... note: In instance 'testbench.wrapper.processor.u.unicore.unicore_lite.core_minimal.be.calculator.pipe_mem.dcache'
 1148 |       logic [($clog2({1'b0, lock_max_cnt_lp}+1))-1:0] lrsc_lock_cnt;
      |                             ^~~~~~~~~~~~~~~
%Warning-WIDTHCONCAT: /work/black-parrot-sim/black-parrot/bp_be/src/v/bp_be_dcache/bp_be_dcache.sv:1148:27: Unsized numbers/parameters not allowed in replications.
                                                                                                          : ... note: In instance 'testbench.wrapper.processor.u.unicore.unicore_lite.core_minimal.be.calculator.pipe_mem.dcache'
 1148 |       logic [($clog2({1'b0, lock_max_cnt_lp}+1))-1:0] lrsc_lock_cnt;
      |                           ^
%Warning-WIDTHCONCAT: /work/black-parrot-sim/black-parrot/bp_be/src/v/bp_be_dcache/bp_be_dcache.sv:1148:27: Unsized numbers/parameters not allowed in concatenations.
                                                                                                          : ... note: In instance 'testbench.wrapper.processor.u.unicore.unicore_lite.core_minimal.be.calculator.pipe_mem.dcache'
 1148 |       logic [($clog2({1'b0, lock_max_cnt_lp}+1))-1:0] lrsc_lock_cnt;
      |                           ^
%Warning-WIDTHCONCAT: /work/black-parrot-sim/black-parrot/bp_be/src/v/bp_be_calculator/bp_be_pipe_int.sv:123:25: Unsized numbers/parameters not allowed in concatenations.
                                                                                                               : ... note: In instance 'testbench.wrapper.processor.u.unicore.unicore_lite.core_minimal.be.calculator.pipe_int_early'
  123 |   logic [($clog2({1'b0, dword_width_gp}+1))-1:0] popcount;
      |                         ^~~~~~~~~~~~~~
%Warning-WIDTHCONCAT: /work/black-parrot-sim/black-parrot/bp_be/src/v/bp_be_calculator/bp_be_pipe_int.sv:123:23: Unsized numbers/parameters not allowed in replications.
                                                                                                               : ... note: In instance 'testbench.wrapper.processor.u.unicore.unicore_lite.core_minimal.be.calculator.pipe_int_early'
  123 |   logic [($clog2({1'b0, dword_width_gp}+1))-1:0] popcount;
      |                       ^
%Warning-WIDTHCONCAT: /work/black-parrot-sim/black-parrot/bp_be/src/v/bp_be_calculator/bp_be_pipe_int.sv:123:23: Unsized numbers/parameters not allowed in concatenations.
                                                                                                               : ... note: In instance 'testbench.wrapper.processor.u.unicore.unicore_lite.core_minimal.be.calculator.pipe_int_early'
  123 |   logic [($clog2({1'b0, dword_width_gp}+1))-1:0] popcount;
      |                       ^
%Warning-WIDTHCONCAT: /work/black-parrot-sim/black-parrot/bp_be/src/v/bp_be_calculator/bp_be_pipe_int.sv:129:25: Unsized numbers/parameters not allowed in concatenations.
                                                                                                               : ... note: In instance 'testbench.wrapper.processor.u.unicore.unicore_lite.core_minimal.be.calculator.pipe_int_early'
  129 |   logic [($clog2({1'b0, word_width_gp}+1))-1:0] clzh, clzl;
      |                         ^~~~~~~~~~~~~
%Warning-WIDTHCONCAT: /work/black-parrot-sim/black-parrot/bp_be/src/v/bp_be_calculator/bp_be_pipe_int.sv:129:23: Unsized numbers/parameters not allowed in replications.
                                                                                                               : ... note: In instance 'testbench.wrapper.processor.u.unicore.unicore_lite.core_minimal.be.calculator.pipe_int_early'
  129 |   logic [($clog2({1'b0, word_width_gp}+1))-1:0] clzh, clzl;
      |                       ^
%Warning-WIDTHCONCAT: /work/black-parrot-sim/black-parrot/bp_be/src/v/bp_be_calculator/bp_be_pipe_int.sv:129:23: Unsized numbers/parameters not allowed in concatenations.
                                                                                                               : ... note: In instance 'testbench.wrapper.processor.u.unicore.unicore_lite.core_minimal.be.calculator.pipe_int_early'
  129 |   logic [($clog2({1'b0, word_width_gp}+1))-1:0] clzh, clzl;
      |                       ^
%Warning-WIDTHCONCAT: /work/black-parrot-sim/black-parrot/bp_be/src/v/bp_be_calculator/bp_be_pipe_int.sv:130:24: Unsized numbers/parameters not allowed in concatenations.
                                                                                                               : ... note: In instance 'testbench.wrapper.processor.u.unicore.unicore_lite.core_minimal.be.calculator.pipe_int_early'
  130 |   wire [($clog2({1'b0, dword_width_gp}+1))-1:0] clz = !clzh[5] ? clzh : (!opw_v << 5) | clzl;
      |                        ^~~~~~~~~~~~~~
%Warning-WIDTHCONCAT: /work/black-parrot-sim/black-parrot/bp_be/src/v/bp_be_calculator/bp_be_pipe_int.sv:130:22: Unsized numbers/parameters not allowed in replications.
                                                                                                               : ... note: In instance 'testbench.wrapper.processor.u.unicore.unicore_lite.core_minimal.be.calculator.pipe_int_early'
  130 |   wire [($clog2({1'b0, dword_width_gp}+1))-1:0] clz = !clzh[5] ? clzh : (!opw_v << 5) | clzl;
      |                      ^
%Warning-WIDTHCONCAT: /work/black-parrot-sim/black-parrot/bp_be/src/v/bp_be_calculator/bp_be_pipe_int.sv:130:22: Unsized numbers/parameters not allowed in concatenations.
                                                                                                               : ... note: In instance 'testbench.wrapper.processor.u.unicore.unicore_lite.core_minimal.be.calculator.pipe_int_early'
  130 |   wire [($clog2({1'b0, dword_width_gp}+1))-1:0] clz = !clzh[5] ? clzh : (!opw_v << 5) | clzl;
      |                      ^
%Warning-WIDTHCONCAT: /work/black-parrot-sim/black-parrot/bp_fe/src/v/bp_fe_ras.sv:43:25: Unsized numbers/parameters not allowed in concatenations.
                                                                                        : ... note: In instance 'testbench.wrapper.processor.u.unicore.unicore_lite.core_minimal.fe.pc_gen.ras'
   43 |   logic [($clog2({1'b0, ras_els_lp}+1))-1:0] init_cnt;
      |                         ^~~~~~~~~~
%Warning-WIDTHCONCAT: /work/black-parrot-sim/black-parrot/bp_fe/src/v/bp_fe_ras.sv:43:23: Unsized numbers/parameters not allowed in replications.
                                                                                        : ... note: In instance 'testbench.wrapper.processor.u.unicore.unicore_lite.core_minimal.fe.pc_gen.ras'
   43 |   logic [($clog2({1'b0, ras_els_lp}+1))-1:0] init_cnt;
      |                       ^
%Warning-WIDTHCONCAT: /work/black-parrot-sim/black-parrot/bp_fe/src/v/bp_fe_bht.sv:59:25: Unsized numbers/parameters not allowed in concatenations.
                                                                                        : ... note: In instance 'testbench.wrapper.processor.u.unicore.unicore_lite.core_minimal.fe.pc_gen.bht'
   59 |   logic [($clog2({1'b0, bht_els_lp}+1))-1:0] init_cnt;
      |                         ^~~~~~~~~~
%Warning-WIDTHCONCAT: /work/black-parrot-sim/black-parrot/bp_fe/src/v/bp_fe_bht.sv:59:23: Unsized numbers/parameters not allowed in replications.
                                                                                        : ... note: In instance 'testbench.wrapper.processor.u.unicore.unicore_lite.core_minimal.fe.pc_gen.bht'
   59 |   logic [($clog2({1'b0, bht_els_lp}+1))-1:0] init_cnt;
      |                       ^
%Warning-WIDTHCONCAT: /work/black-parrot-sim/black-parrot/bp_fe/src/v/bp_fe_btb.sv:62:25: Unsized numbers/parameters not allowed in concatenations.
                                                                                        : ... note: In instance 'testbench.wrapper.processor.u.unicore.unicore_lite.core_minimal.fe.pc_gen.btb'
   62 |   logic [($clog2({1'b0, btb_els_lp}+1))-1:0] init_cnt;
      |                         ^~~~~~~~~~
%Warning-WIDTHCONCAT: /work/black-parrot-sim/black-parrot/bp_fe/src/v/bp_fe_btb.sv:62:23: Unsized numbers/parameters not allowed in replications.
                                                                                        : ... note: In instance 'testbench.wrapper.processor.u.unicore.unicore_lite.core_minimal.fe.pc_gen.btb'
   62 |   logic [($clog2({1'b0, btb_els_lp}+1))-1:0] init_cnt;
      |                       ^
make[1]: Entering directory '/work/black-parrot-sim/black-parrot/bp_top/verilator/results/bp_tethered.e_bp_default_cfg/obj_dir'
g++  -I.  -MMD -I/usr/share/verilator/include -I/usr/share/verilator/include/vltstd -DVM_COVERAGE=0 -DVM_SC=0 -DVM_TRACE=0 -DVM_TRACE_FST=0 -DVM_TRACE_VCD=0 -faligned-new -fcf-protection=none -Wno-bool-operation -Wno-overloaded-virtual -Wno-shadow -Wno-sign-compare -Wno-uninitialized -Wno-unused-but-set-parameter -Wno-unused-but-set-variable -Wno-unused-parameter -Wno-unused-variable     -DVL_TIME_CONTEXT   -fcoroutines -Os -c -o null_cosim.o /work/black-parrot-sim/black-parrot/bp_be/test/common/null_cosim.cpp
g++ -Os  -I.  -MMD -I/usr/share/verilator/include -I/usr/share/verilator/include/vltstd -DVM_COVERAGE=0 -DVM_SC=0 -DVM_TRACE=0 -DVM_TRACE_FST=0 -DVM_TRACE_VCD=0 -faligned-new -fcf-protection=none -Wno-bool-operation -Wno-overloaded-virtual -Wno-shadow -Wno-sign-compare -Wno-uninitialized -Wno-unused-but-set-parameter -Wno-unused-but-set-variable -Wno-unused-parameter -Wno-unused-variable     -DVL_TIME_CONTEXT   -fcoroutines -c -o verilated.o /usr/share/verilator/include/verilated.cpp
g++ -Os  -I.  -MMD -I/usr/share/verilator/include -I/usr/share/verilator/include/vltstd -DVM_COVERAGE=0 -DVM_SC=0 -DVM_TRACE=0 -DVM_TRACE_FST=0 -DVM_TRACE_VCD=0 -faligned-new -fcf-protection=none -Wno-bool-operation -Wno-overloaded-virtual -Wno-shadow -Wno-sign-compare -Wno-uninitialized -Wno-unused-but-set-parameter -Wno-unused-but-set-variable -Wno-unused-parameter -Wno-unused-variable     -DVL_TIME_CONTEXT   -fcoroutines -c -o verilated_dpi.o /usr/share/verilator/include/verilated_dpi.cpp
g++ -Os  -I.  -MMD -I/usr/share/verilator/include -I/usr/share/verilator/include/vltstd -DVM_COVERAGE=0 -DVM_SC=0 -DVM_TRACE=0 -DVM_TRACE_FST=0 -DVM_TRACE_VCD=0 -faligned-new -fcf-protection=none -Wno-bool-operation -Wno-overloaded-virtual -Wno-shadow -Wno-sign-compare -Wno-uninitialized -Wno-unused-but-set-parameter -Wno-unused-but-set-variable -Wno-unused-parameter -Wno-unused-variable     -DVL_TIME_CONTEXT   -fcoroutines -c -o verilated_timing.o /usr/share/verilator/include/verilated_timing.cpp
g++ -Os  -I.  -MMD -I/usr/share/verilator/include -I/usr/share/verilator/include/vltstd -DVM_COVERAGE=0 -DVM_SC=0 -DVM_TRACE=0 -DVM_TRACE_FST=0 -DVM_TRACE_VCD=0 -faligned-new -fcf-protection=none -Wno-bool-operation -Wno-overloaded-virtual -Wno-shadow -Wno-sign-compare -Wno-uninitialized -Wno-unused-but-set-parameter -Wno-unused-but-set-variable -Wno-unused-parameter -Wno-unused-variable     -DVL_TIME_CONTEXT   -fcoroutines -c -o verilated_threads.o /usr/share/verilator/include/verilated_threads.cpp
g++ -Os  -I.  -MMD -I/usr/share/verilator/include -I/usr/share/verilator/include/vltstd -DVM_COVERAGE=0 -DVM_SC=0 -DVM_TRACE=0 -DVM_TRACE_FST=0 -DVM_TRACE_VCD=0 -faligned-new -fcf-protection=none -Wno-bool-operation -Wno-overloaded-virtual -Wno-shadow -Wno-sign-compare -Wno-uninitialized -Wno-unused-but-set-parameter -Wno-unused-but-set-variable -Wno-unused-parameter -Wno-unused-variable     -DVL_TIME_CONTEXT   -fcoroutines -x c++-header Vtestbench__pch.h -o Vtestbench__pch.h.fast.gch
g++   -I.  -MMD -I/usr/share/verilator/include -I/usr/share/verilator/include/vltstd -DVM_COVERAGE=0 -DVM_SC=0 -DVM_TRACE=0 -DVM_TRACE_FST=0 -DVM_TRACE_VCD=0 -faligned-new -fcf-protection=none -Wno-bool-operation -Wno-overloaded-virtual -Wno-shadow -Wno-sign-compare -Wno-uninitialized -Wno-unused-but-set-parameter -Wno-unused-but-set-variable -Wno-unused-parameter -Wno-unused-variable     -DVL_TIME_CONTEXT   -fcoroutines -x c++-header Vtestbench__pch.h -o Vtestbench__pch.h.slow.gch
echo "" > Vtestbench__ALL.verilator_deplist.tmp
g++ -Os  -I.  -MMD -I/usr/share/verilator/include -I/usr/share/verilator/include/vltstd -DVM_COVERAGE=0 -DVM_SC=0 -DVM_TRACE=0 -DVM_TRACE_FST=0 -DVM_TRACE_VCD=0 -faligned-new -fcf-protection=none -Wno-bool-operation -Wno-overloaded-virtual -Wno-shadow -Wno-sign-compare -Wno-uninitialized -Wno-unused-but-set-parameter -Wno-unused-but-set-variable -Wno-unused-parameter -Wno-unused-variable     -DVL_TIME_CONTEXT   -fcoroutines -include Vtestbench__pch.h.fast -c -o Vtestbench.o Vtestbench.cpp
g++ -Os  -I.  -MMD -I/usr/share/verilator/include -I/usr/share/verilator/include/vltstd -DVM_COVERAGE=0 -DVM_SC=0 -DVM_TRACE=0 -DVM_TRACE_FST=0 -DVM_TRACE_VCD=0 -faligned-new -fcf-protection=none -Wno-bool-operation -Wno-overloaded-virtual -Wno-shadow -Wno-sign-compare -Wno-uninitialized -Wno-unused-but-set-parameter -Wno-unused-but-set-variable -Wno-unused-parameter -Wno-unused-variable     -DVL_TIME_CONTEXT   -fcoroutines -include Vtestbench__pch.h.fast -c -o Vtestbench___024root__DepSet_hfc24d085__0.o Vtestbench___024root__DepSet_hfc24d085__0.cpp
g++ -Os  -I.  -MMD -I/usr/share/verilator/include -I/usr/share/verilator/include/vltstd -DVM_COVERAGE=0 -DVM_SC=0 -DVM_TRACE=0 -DVM_TRACE_FST=0 -DVM_TRACE_VCD=0 -faligned-new -fcf-protection=none -Wno-bool-operation -Wno-overloaded-virtual -Wno-shadow -Wno-sign-compare -Wno-uninitialized -Wno-unused-but-set-parameter -Wno-unused-but-set-variable -Wno-unused-parameter -Wno-unused-variable     -DVL_TIME_CONTEXT   -fcoroutines -include Vtestbench__pch.h.fast -c -o Vtestbench___024root__DepSet_hfc24d085__1.o Vtestbench___024root__DepSet_hfc24d085__1.cpp
g++ -Os  -I.  -MMD -I/usr/share/verilator/include -I/usr/share/verilator/include/vltstd -DVM_COVERAGE=0 -DVM_SC=0 -DVM_TRACE=0 -DVM_TRACE_FST=0 -DVM_TRACE_VCD=0 -faligned-new -fcf-protection=none -Wno-bool-operation -Wno-overloaded-virtual -Wno-shadow -Wno-sign-compare -Wno-uninitialized -Wno-unused-but-set-parameter -Wno-unused-but-set-variable -Wno-unused-parameter -Wno-unused-variable     -DVL_TIME_CONTEXT   -fcoroutines -include Vtestbench__pch.h.fast -c -o Vtestbench___024root__DepSet_hfc24d085__2.o Vtestbench___024root__DepSet_hfc24d085__2.cpp
g++ -Os  -I.  -MMD -I/usr/share/verilator/include -I/usr/share/verilator/include/vltstd -DVM_COVERAGE=0 -DVM_SC=0 -DVM_TRACE=0 -DVM_TRACE_FST=0 -DVM_TRACE_VCD=0 -faligned-new -fcf-protection=none -Wno-bool-operation -Wno-overloaded-virtual -Wno-shadow -Wno-sign-compare -Wno-uninitialized -Wno-unused-but-set-parameter -Wno-unused-but-set-variable -Wno-unused-parameter -Wno-unused-variable     -DVL_TIME_CONTEXT   -fcoroutines -include Vtestbench__pch.h.fast -c -o Vtestbench___024root__DepSet_hfc24d085__3.o Vtestbench___024root__DepSet_hfc24d085__3.cpp
g++ -Os  -I.  -MMD -I/usr/share/verilator/include -I/usr/share/verilator/include/vltstd -DVM_COVERAGE=0 -DVM_SC=0 -DVM_TRACE=0 -DVM_TRACE_FST=0 -DVM_TRACE_VCD=0 -faligned-new -fcf-protection=none -Wno-bool-operation -Wno-overloaded-virtual -Wno-shadow -Wno-sign-compare -Wno-uninitialized -Wno-unused-but-set-parameter -Wno-unused-but-set-variable -Wno-unused-parameter -Wno-unused-variable     -DVL_TIME_CONTEXT   -fcoroutines -include Vtestbench__pch.h.fast -c -o Vtestbench___024root__DepSet_hfc24d085__4.o Vtestbench___024root__DepSet_hfc24d085__4.cpp
g++ -Os  -I.  -MMD -I/usr/share/verilator/include -I/usr/share/verilator/include/vltstd -DVM_COVERAGE=0 -DVM_SC=0 -DVM_TRACE=0 -DVM_TRACE_FST=0 -DVM_TRACE_VCD=0 -faligned-new -fcf-protection=none -Wno-bool-operation -Wno-overloaded-virtual -Wno-shadow -Wno-sign-compare -Wno-uninitialized -Wno-unused-but-set-parameter -Wno-unused-but-set-variable -Wno-unused-parameter -Wno-unused-variable     -DVL_TIME_CONTEXT   -fcoroutines -include Vtestbench__pch.h.fast -c -o Vtestbench___024root__DepSet_hfc24d085__5.o Vtestbench___024root__DepSet_hfc24d085__5.cpp
g++ -Os  -I.  -MMD -I/usr/share/verilator/include -I/usr/share/verilator/include/vltstd -DVM_COVERAGE=0 -DVM_SC=0 -DVM_TRACE=0 -DVM_TRACE_FST=0 -DVM_TRACE_VCD=0 -faligned-new -fcf-protection=none -Wno-bool-operation -Wno-overloaded-virtual -Wno-shadow -Wno-sign-compare -Wno-uninitialized -Wno-unused-but-set-parameter -Wno-unused-but-set-variable -Wno-unused-parameter -Wno-unused-variable     -DVL_TIME_CONTEXT   -fcoroutines -include Vtestbench__pch.h.fast -c -o Vtestbench___024root__DepSet_hed41eec4__0.o Vtestbench___024root__DepSet_hed41eec4__0.cpp
g++ -Os  -I.  -MMD -I/usr/share/verilator/include -I/usr/share/verilator/include/vltstd -DVM_COVERAGE=0 -DVM_SC=0 -DVM_TRACE=0 -DVM_TRACE_FST=0 -DVM_TRACE_VCD=0 -faligned-new -fcf-protection=none -Wno-bool-operation -Wno-overloaded-virtual -Wno-shadow -Wno-sign-compare -Wno-uninitialized -Wno-unused-but-set-parameter -Wno-unused-but-set-variable -Wno-unused-parameter -Wno-unused-variable     -DVL_TIME_CONTEXT   -fcoroutines -include Vtestbench__pch.h.fast -c -o Vtestbench___024root__DepSet_hed41eec4__1.o Vtestbench___024root__DepSet_hed41eec4__1.cpp
g++ -Os  -I.  -MMD -I/usr/share/verilator/include -I/usr/share/verilator/include/vltstd -DVM_COVERAGE=0 -DVM_SC=0 -DVM_TRACE=0 -DVM_TRACE_FST=0 -DVM_TRACE_VCD=0 -faligned-new -fcf-protection=none -Wno-bool-operation -Wno-overloaded-virtual -Wno-shadow -Wno-sign-compare -Wno-uninitialized -Wno-unused-but-set-parameter -Wno-unused-but-set-variable -Wno-unused-parameter -Wno-unused-variable     -DVL_TIME_CONTEXT   -fcoroutines -include Vtestbench__pch.h.fast -c -o Vtestbench___024root__DepSet_hed41eec4__2.o Vtestbench___024root__DepSet_hed41eec4__2.cpp
g++ -Os  -I.  -MMD -I/usr/share/verilator/include -I/usr/share/verilator/include/vltstd -DVM_COVERAGE=0 -DVM_SC=0 -DVM_TRACE=0 -DVM_TRACE_FST=0 -DVM_TRACE_VCD=0 -faligned-new -fcf-protection=none -Wno-bool-operation -Wno-overloaded-virtual -Wno-shadow -Wno-sign-compare -Wno-uninitialized -Wno-unused-but-set-parameter -Wno-unused-but-set-variable -Wno-unused-parameter -Wno-unused-variable     -DVL_TIME_CONTEXT   -fcoroutines -include Vtestbench__pch.h.fast -c -o Vtestbench___024root__DepSet_hed41eec4__3.o Vtestbench___024root__DepSet_hed41eec4__3.cpp
g++ -Os  -I.  -MMD -I/usr/share/verilator/include -I/usr/share/verilator/include/vltstd -DVM_COVERAGE=0 -DVM_SC=0 -DVM_TRACE=0 -DVM_TRACE_FST=0 -DVM_TRACE_VCD=0 -faligned-new -fcf-protection=none -Wno-bool-operation -Wno-overloaded-virtual -Wno-shadow -Wno-sign-compare -Wno-uninitialized -Wno-unused-but-set-parameter -Wno-unused-but-set-variable -Wno-unused-parameter -Wno-unused-variable     -DVL_TIME_CONTEXT   -fcoroutines -include Vtestbench__pch.h.fast -c -o Vtestbench___024root__DepSet_hed41eec4__4.o Vtestbench___024root__DepSet_hed41eec4__4.cpp
g++ -Os  -I.  -MMD -I/usr/share/verilator/include -I/usr/share/verilator/include/vltstd -DVM_COVERAGE=0 -DVM_SC=0 -DVM_TRACE=0 -DVM_TRACE_FST=0 -DVM_TRACE_VCD=0 -faligned-new -fcf-protection=none -Wno-bool-operation -Wno-overloaded-virtual -Wno-shadow -Wno-sign-compare -Wno-uninitialized -Wno-unused-but-set-parameter -Wno-unused-but-set-variable -Wno-unused-parameter -Wno-unused-variable     -DVL_TIME_CONTEXT   -fcoroutines -include Vtestbench__pch.h.fast -c -o Vtestbench___024root__DepSet_hed41eec4__5.o Vtestbench___024root__DepSet_hed41eec4__5.cpp
g++ -Os  -I.  -MMD -I/usr/share/verilator/include -I/usr/share/verilator/include/vltstd -DVM_COVERAGE=0 -DVM_SC=0 -DVM_TRACE=0 -DVM_TRACE_FST=0 -DVM_TRACE_VCD=0 -faligned-new -fcf-protection=none -Wno-bool-operation -Wno-overloaded-virtual -Wno-shadow -Wno-sign-compare -Wno-uninitialized -Wno-unused-but-set-parameter -Wno-unused-but-set-variable -Wno-unused-parameter -Wno-unused-variable     -DVL_TIME_CONTEXT   -fcoroutines -include Vtestbench__pch.h.fast -c -o Vtestbench___024root__DepSet_hed41eec4__6.o Vtestbench___024root__DepSet_hed41eec4__6.cpp
g++ -Os  -I.  -MMD -I/usr/share/verilator/include -I/usr/share/verilator/include/vltstd -DVM_COVERAGE=0 -DVM_SC=0 -DVM_TRACE=0 -DVM_TRACE_FST=0 -DVM_TRACE_VCD=0 -faligned-new -fcf-protection=none -Wno-bool-operation -Wno-overloaded-virtual -Wno-shadow -Wno-sign-compare -Wno-uninitialized -Wno-unused-but-set-parameter -Wno-unused-but-set-variable -Wno-unused-parameter -Wno-unused-variable     -DVL_TIME_CONTEXT   -fcoroutines -include Vtestbench__pch.h.fast -c -o Vtestbench_bp_me_cache_slice__Bz1__DepSet_h9db2ee56__0.o Vtestbench_bp_me_cache_slice__Bz1__DepSet_h9db2ee56__0.cpp
g++ -Os  -I.  -MMD -I/usr/share/verilator/include -I/usr/share/verilator/include/vltstd -DVM_COVERAGE=0 -DVM_SC=0 -DVM_TRACE=0 -DVM_TRACE_FST=0 -DVM_TRACE_VCD=0 -faligned-new -fcf-protection=none -Wno-bool-operation -Wno-overloaded-virtual -Wno-shadow -Wno-sign-compare -Wno-uninitialized -Wno-unused-but-set-parameter -Wno-unused-but-set-variable -Wno-unused-parameter -Wno-unused-variable     -DVL_TIME_CONTEXT   -fcoroutines -include Vtestbench__pch.h.fast -c -o Vtestbench_bp_me_cache_slice__Bz1__DepSet_h77799904__0.o Vtestbench_bp_me_cache_slice__Bz1__DepSet_h77799904__0.cpp
g++ -Os  -I.  -MMD -I/usr/share/verilator/include -I/usr/share/verilator/include/vltstd -DVM_COVERAGE=0 -DVM_SC=0 -DVM_TRACE=0 -DVM_TRACE_FST=0 -DVM_TRACE_VCD=0 -faligned-new -fcf-protection=none -Wno-bool-operation -Wno-overloaded-virtual -Wno-shadow -Wno-sign-compare -Wno-uninitialized -Wno-unused-but-set-parameter -Wno-unused-but-set-variable -Wno-unused-parameter -Wno-unused-variable     -DVL_TIME_CONTEXT   -fcoroutines -include Vtestbench__pch.h.fast -c -o Vtestbench_bp_me_cache_slice__Bz1__DepSet_h991ddcab__0.o Vtestbench_bp_me_cache_slice__Bz1__DepSet_h991ddcab__0.cpp
g++ -Os  -I.  -MMD -I/usr/share/verilator/include -I/usr/share/verilator/include/vltstd -DVM_COVERAGE=0 -DVM_SC=0 -DVM_TRACE=0 -DVM_TRACE_FST=0 -DVM_TRACE_VCD=0 -faligned-new -fcf-protection=none -Wno-bool-operation -Wno-overloaded-virtual -Wno-shadow -Wno-sign-compare -Wno-uninitialized -Wno-unused-but-set-parameter -Wno-unused-but-set-variable -Wno-unused-parameter -Wno-unused-variable     -DVL_TIME_CONTEXT   -fcoroutines -include Vtestbench__pch.h.fast -c -o Vtestbench_bp_me_cache_slice__Bz1__DepSet_h4babd097__0.o Vtestbench_bp_me_cache_slice__Bz1__DepSet_h4babd097__0.cpp
g++ -Os  -I.  -MMD -I/usr/share/verilator/include -I/usr/share/verilator/include/vltstd -DVM_COVERAGE=0 -DVM_SC=0 -DVM_TRACE=0 -DVM_TRACE_FST=0 -DVM_TRACE_VCD=0 -faligned-new -fcf-protection=none -Wno-bool-operation -Wno-overloaded-virtual -Wno-shadow -Wno-sign-compare -Wno-uninitialized -Wno-unused-but-set-parameter -Wno-unused-but-set-variable -Wno-unused-parameter -Wno-unused-variable     -DVL_TIME_CONTEXT   -fcoroutines -include Vtestbench__pch.h.fast -c -o Vtestbench_bp_me_cache_slice__Bz1__DepSet_h1f2990b5__0.o Vtestbench_bp_me_cache_slice__Bz1__DepSet_h1f2990b5__0.cpp
g++ -Os  -I.  -MMD -I/usr/share/verilator/include -I/usr/share/verilator/include/vltstd -DVM_COVERAGE=0 -DVM_SC=0 -DVM_TRACE=0 -DVM_TRACE_FST=0 -DVM_TRACE_VCD=0 -faligned-new -fcf-protection=none -Wno-bool-operation -Wno-overloaded-virtual -Wno-shadow -Wno-sign-compare -Wno-uninitialized -Wno-unused-but-set-parameter -Wno-unused-but-set-variable -Wno-unused-parameter -Wno-unused-variable     -DVL_TIME_CONTEXT   -fcoroutines -include Vtestbench__pch.h.fast -c -o Vtestbench_bp_me_cache_slice__Bz1__DepSet_h75684259__0.o Vtestbench_bp_me_cache_slice__Bz1__DepSet_h75684259__0.cpp
g++ -Os  -I.  -MMD -I/usr/share/verilator/include -I/usr/share/verilator/include/vltstd -DVM_COVERAGE=0 -DVM_SC=0 -DVM_TRACE=0 -DVM_TRACE_FST=0 -DVM_TRACE_VCD=0 -faligned-new -fcf-protection=none -Wno-bool-operation -Wno-overloaded-virtual -Wno-shadow -Wno-sign-compare -Wno-uninitialized -Wno-unused-but-set-parameter -Wno-unused-but-set-variable -Wno-unused-parameter -Wno-unused-variable     -DVL_TIME_CONTEXT   -fcoroutines -include Vtestbench__pch.h.fast -c -o Vtestbench_bp_me_stream_pump_out__pi13__DepSet_h1bd88d96__0.o Vtestbench_bp_me_stream_pump_out__pi13__DepSet_h1bd88d96__0.cpp
g++ -Os  -I.  -MMD -I/usr/share/verilator/include -I/usr/share/verilator/include/vltstd -DVM_COVERAGE=0 -DVM_SC=0 -DVM_TRACE=0 -DVM_TRACE_FST=0 -DVM_TRACE_VCD=0 -faligned-new -fcf-protection=none -Wno-bool-operation -Wno-overloaded-virtual -Wno-shadow -Wno-sign-compare -Wno-uninitialized -Wno-unused-but-set-parameter -Wno-unused-but-set-variable -Wno-unused-parameter -Wno-unused-variable     -DVL_TIME_CONTEXT   -fcoroutines -include Vtestbench__pch.h.fast -c -o Vtestbench_bp_me_stream_pump_in__pi14__DepSet_hb0d8f458__0.o Vtestbench_bp_me_stream_pump_in__pi14__DepSet_hb0d8f458__0.cpp
g++ -Os  -I.  -MMD -I/usr/share/verilator/include -I/usr/share/verilator/include/vltstd -DVM_COVERAGE=0 -DVM_SC=0 -DVM_TRACE=0 -DVM_TRACE_FST=0 -DVM_TRACE_VCD=0 -faligned-new -fcf-protection=none -Wno-bool-operation -Wno-overloaded-virtual -Wno-shadow -Wno-sign-compare -Wno-uninitialized -Wno-unused-but-set-parameter -Wno-unused-but-set-variable -Wno-unused-parameter -Wno-unused-variable     -DVL_TIME_CONTEXT   -fcoroutines -include Vtestbench__pch.h.fast -c -o Vtestbench_bp_me_stream_pump_in__pi21__DepSet_h62859bfc__0.o Vtestbench_bp_me_stream_pump_in__pi21__DepSet_h62859bfc__0.cpp
g++ -Os  -I.  -MMD -I/usr/share/verilator/include -I/usr/share/verilator/include/vltstd -DVM_COVERAGE=0 -DVM_SC=0 -DVM_TRACE=0 -DVM_TRACE_FST=0 -DVM_TRACE_VCD=0 -faligned-new -fcf-protection=none -Wno-bool-operation -Wno-overloaded-virtual -Wno-shadow -Wno-sign-compare -Wno-uninitialized -Wno-unused-but-set-parameter -Wno-unused-but-set-variable -Wno-unused-parameter -Wno-unused-variable     -DVL_TIME_CONTEXT   -fcoroutines -include Vtestbench__pch.h.fast -c -o Vtestbench_bp_me_stream_pump_out__pi22__DepSet_h884a46a8__0.o Vtestbench_bp_me_stream_pump_out__pi22__DepSet_h884a46a8__0.cpp
g++ -Os  -I.  -MMD -I/usr/share/verilator/include -I/usr/share/verilator/include/vltstd -DVM_COVERAGE=0 -DVM_SC=0 -DVM_TRACE=0 -DVM_TRACE_FST=0 -DVM_TRACE_VCD=0 -faligned-new -fcf-protection=none -Wno-bool-operation -Wno-overloaded-virtual -Wno-shadow -Wno-sign-compare -Wno-uninitialized -Wno-unused-but-set-parameter -Wno-unused-but-set-variable -Wno-unused-parameter -Wno-unused-variable     -DVL_TIME_CONTEXT   -fcoroutines -include Vtestbench__pch.h.fast -c -o Vtestbench_bp_me_stream_pump_control__pi30__DepSet_h265c00aa__0.o Vtestbench_bp_me_stream_pump_control__pi30__DepSet_h265c00aa__0.cpp
g++ -Os  -I.  -MMD -I/usr/share/verilator/include -I/usr/share/verilator/include/vltstd -DVM_COVERAGE=0 -DVM_SC=0 -DVM_TRACE=0 -DVM_TRACE_FST=0 -DVM_TRACE_VCD=0 -faligned-new -fcf-protection=none -Wno-bool-operation -Wno-overloaded-virtual -Wno-shadow -Wno-sign-compare -Wno-uninitialized -Wno-unused-but-set-parameter -Wno-unused-but-set-variable -Wno-unused-parameter -Wno-unused-variable     -DVL_TIME_CONTEXT   -fcoroutines -include Vtestbench__pch.h.fast -c -o Vtestbench_bp_be_pipe_int__Bz1__DepSet_h10c79a6c__0.o Vtestbench_bp_be_pipe_int__Bz1__DepSet_h10c79a6c__0.cpp
g++ -Os  -I.  -MMD -I/usr/share/verilator/include -I/usr/share/verilator/include/vltstd -DVM_COVERAGE=0 -DVM_SC=0 -DVM_TRACE=0 -DVM_TRACE_FST=0 -DVM_TRACE_VCD=0 -faligned-new -fcf-protection=none -Wno-bool-operation -Wno-overloaded-virtual -Wno-shadow -Wno-sign-compare -Wno-uninitialized -Wno-unused-but-set-parameter -Wno-unused-but-set-variable -Wno-unused-parameter -Wno-unused-variable     -DVL_TIME_CONTEXT   -fcoroutines -include Vtestbench__pch.h.fast -c -o Vtestbench_bp_be_pipe_int__Bz1__DepSet_hc86124ad__0.o Vtestbench_bp_be_pipe_int__Bz1__DepSet_hc86124ad__0.cpp
g++ -Os  -I.  -MMD -I/usr/share/verilator/include -I/usr/share/verilator/include/vltstd -DVM_COVERAGE=0 -DVM_SC=0 -DVM_TRACE=0 -DVM_TRACE_FST=0 -DVM_TRACE_VCD=0 -faligned-new -fcf-protection=none -Wno-bool-operation -Wno-overloaded-virtual -Wno-shadow -Wno-sign-compare -Wno-uninitialized -Wno-unused-but-set-parameter -Wno-unused-but-set-variable -Wno-unused-parameter -Wno-unused-variable     -DVL_TIME_CONTEXT   -fcoroutines -include Vtestbench__pch.h.fast -c -o Vtestbench_bsg_async_fifo__W4f_La__DepSet_hb76027d3__0.o Vtestbench_bsg_async_fifo__W4f_La__DepSet_hb76027d3__0.cpp
g++ -Os  -I.  -MMD -I/usr/share/verilator/include -I/usr/share/verilator/include/vltstd -DVM_COVERAGE=0 -DVM_SC=0 -DVM_TRACE=0 -DVM_TRACE_FST=0 -DVM_TRACE_VCD=0 -faligned-new -fcf-protection=none -Wno-bool-operation -Wno-overloaded-virtual -Wno-shadow -Wno-sign-compare -Wno-uninitialized -Wno-unused-but-set-parameter -Wno-unused-but-set-variable -Wno-unused-parameter -Wno-unused-variable     -DVL_TIME_CONTEXT   -fcoroutines -include Vtestbench__pch.h.fast -c -o Vtestbench_bp_be_int_unbox__Bz1__DepSet_h8c8c1028__0.o Vtestbench_bp_be_int_unbox__Bz1__DepSet_h8c8c1028__0.cpp
g++ -Os  -I.  -MMD -I/usr/share/verilator/include -I/usr/share/verilator/include/vltstd -DVM_COVERAGE=0 -DVM_SC=0 -DVM_TRACE=0 -DVM_TRACE_FST=0 -DVM_TRACE_VCD=0 -faligned-new -fcf-protection=none -Wno-bool-operation -Wno-overloaded-virtual -Wno-shadow -Wno-sign-compare -Wno-uninitialized -Wno-unused-but-set-parameter -Wno-unused-but-set-variable -Wno-unused-parameter -Wno-unused-variable     -DVL_TIME_CONTEXT   -fcoroutines -include Vtestbench__pch.h.fast -c -o Vtestbench_bp_be_fp_box__Bz1__DepSet_h26a85f87__0.o Vtestbench_bp_be_fp_box__Bz1__DepSet_h26a85f87__0.cpp
g++ -Os  -I.  -MMD -I/usr/share/verilator/include -I/usr/share/verilator/include/vltstd -DVM_COVERAGE=0 -DVM_SC=0 -DVM_TRACE=0 -DVM_TRACE_FST=0 -DVM_TRACE_VCD=0 -faligned-new -fcf-protection=none -Wno-bool-operation -Wno-overloaded-virtual -Wno-shadow -Wno-sign-compare -Wno-uninitialized -Wno-unused-but-set-parameter -Wno-unused-but-set-variable -Wno-unused-parameter -Wno-unused-variable     -DVL_TIME_CONTEXT   -fcoroutines -include Vtestbench__pch.h.fast -c -o Vtestbench_bp_be_fp_box__Bz1__DepSet_h92c661c6__0.o Vtestbench_bp_be_fp_box__Bz1__DepSet_h92c661c6__0.cpp
g++ -Os  -I.  -MMD -I/usr/share/verilator/include -I/usr/share/verilator/include/vltstd -DVM_COVERAGE=0 -DVM_SC=0 -DVM_TRACE=0 -DVM_TRACE_FST=0 -DVM_TRACE_VCD=0 -faligned-new -fcf-protection=none -Wno-bool-operation -Wno-overloaded-virtual -Wno-shadow -Wno-sign-compare -Wno-uninitialized -Wno-unused-but-set-parameter -Wno-unused-but-set-variable -Wno-unused-parameter -Wno-unused-variable     -DVL_TIME_CONTEXT   -fcoroutines -include Vtestbench__pch.h.fast -c -o Vtestbench_bp_be_fp_rebox__Bz1__DepSet_h4b09bc67__0.o Vtestbench_bp_be_fp_rebox__Bz1__DepSet_h4b09bc67__0.cpp
g++ -Os  -I.  -MMD -I/usr/share/verilator/include -I/usr/share/verilator/include/vltstd -DVM_COVERAGE=0 -DVM_SC=0 -DVM_TRACE=0 -DVM_TRACE_FST=0 -DVM_TRACE_VCD=0 -faligned-new -fcf-protection=none -Wno-bool-operation -Wno-overloaded-virtual -Wno-shadow -Wno-sign-compare -Wno-uninitialized -Wno-unused-but-set-parameter -Wno-unused-but-set-variable -Wno-unused-parameter -Wno-unused-variable     -DVL_TIME_CONTEXT   -fcoroutines -include Vtestbench__pch.h.fast -c -o Vtestbench_bp_tlb__Bz1_EC8_EB2_E1__DepSet_h82fab659__0.o Vtestbench_bp_tlb__Bz1_EC8_EB2_E1__DepSet_h82fab659__0.cpp
g++ -Os  -I.  -MMD -I/usr/share/verilator/include -I/usr/share/verilator/include/vltstd -DVM_COVERAGE=0 -DVM_SC=0 -DVM_TRACE=0 -DVM_TRACE_FST=0 -DVM_TRACE_VCD=0 -faligned-new -fcf-protection=none -Wno-bool-operation -Wno-overloaded-virtual -Wno-shadow -Wno-sign-compare -Wno-uninitialized -Wno-unused-but-set-parameter -Wno-unused-but-set-variable -Wno-unused-parameter -Wno-unused-variable     -DVL_TIME_CONTEXT   -fcoroutines -include Vtestbench__pch.h.fast -c -o Vtestbench_bp_tlb__Bz1_EC8_EB2_E1__DepSet_h36740898__0.o Vtestbench_bp_tlb__Bz1_EC8_EB2_E1__DepSet_h36740898__0.cpp
g++ -Os  -I.  -MMD -I/usr/share/verilator/include -I/usr/share/verilator/include/vltstd -DVM_COVERAGE=0 -DVM_SC=0 -DVM_TRACE=0 -DVM_TRACE_FST=0 -DVM_TRACE_VCD=0 -faligned-new -fcf-protection=none -Wno-bool-operation -Wno-overloaded-virtual -Wno-shadow -Wno-sign-compare -Wno-uninitialized -Wno-unused-but-set-parameter -Wno-unused-but-set-variable -Wno-unused-parameter -Wno-unused-variable     -DVL_TIME_CONTEXT   -fcoroutines -include Vtestbench__pch.h.fast -c -o Vtestbench_bsg_mem_1rw_sync_mask_write_byte__pi59__DepSet_hb00e5e31__0.o Vtestbench_bsg_mem_1rw_sync_mask_write_byte__pi59__DepSet_hb00e5e31__0.cpp
g++ -Os  -I.  -MMD -I/usr/share/verilator/include -I/usr/share/verilator/include/vltstd -DVM_COVERAGE=0 -DVM_SC=0 -DVM_TRACE=0 -DVM_TRACE_FST=0 -DVM_TRACE_VCD=0 -faligned-new -fcf-protection=none -Wno-bool-operation -Wno-overloaded-virtual -Wno-shadow -Wno-sign-compare -Wno-uninitialized -Wno-unused-but-set-parameter -Wno-unused-but-set-variable -Wno-unused-parameter -Wno-unused-variable     -DVL_TIME_CONTEXT   -fcoroutines -include Vtestbench__pch.h.fast -c -o Vtestbench_bsg_mux_one_hot__W40_E8__DepSet_he815853d__0.o Vtestbench_bsg_mux_one_hot__W40_E8__DepSet_he815853d__0.cpp
g++ -Os  -I.  -MMD -I/usr/share/verilator/include -I/usr/share/verilator/include/vltstd -DVM_COVERAGE=0 -DVM_SC=0 -DVM_TRACE=0 -DVM_TRACE_FST=0 -DVM_TRACE_VCD=0 -faligned-new -fcf-protection=none -Wno-bool-operation -Wno-overloaded-virtual -Wno-shadow -Wno-sign-compare -Wno-uninitialized -Wno-unused-but-set-parameter -Wno-unused-but-set-variable -Wno-unused-parameter -Wno-unused-variable     -DVL_TIME_CONTEXT   -fcoroutines -include Vtestbench__pch.h.fast -c -o Vtestbench_bsg_mux_one_hot__Wc1_E3__DepSet_h0929e824__0.o Vtestbench_bsg_mux_one_hot__Wc1_E3__DepSet_h0929e824__0.cpp
g++ -Os  -I.  -MMD -I/usr/share/verilator/include -I/usr/share/verilator/include/vltstd -DVM_COVERAGE=0 -DVM_SC=0 -DVM_TRACE=0 -DVM_TRACE_FST=0 -DVM_TRACE_VCD=0 -faligned-new -fcf-protection=none -Wno-bool-operation -Wno-overloaded-virtual -Wno-shadow -Wno-sign-compare -Wno-uninitialized -Wno-unused-but-set-parameter -Wno-unused-but-set-variable -Wno-unused-parameter -Wno-unused-variable     -DVL_TIME_CONTEXT   -fcoroutines -include Vtestbench__pch.h.fast -c -o Vtestbench_bsg_mux_one_hot__Wc1_E6__DepSet_h25e4cf2c__0.o Vtestbench_bsg_mux_one_hot__Wc1_E6__DepSet_h25e4cf2c__0.cpp
g++ -Os  -I.  -MMD -I/usr/share/verilator/include -I/usr/share/verilator/include/vltstd -DVM_COVERAGE=0 -DVM_SC=0 -DVM_TRACE=0 -DVM_TRACE_FST=0 -DVM_TRACE_VCD=0 -faligned-new -fcf-protection=none -Wno-bool-operation -Wno-overloaded-virtual -Wno-shadow -Wno-sign-compare -Wno-uninitialized -Wno-unused-but-set-parameter -Wno-unused-but-set-variable -Wno-unused-parameter -Wno-unused-variable     -DVL_TIME_CONTEXT   -fcoroutines -include Vtestbench__pch.h.fast -c -o Vtestbench_bsg_mem_1rw_sync__pi83__DepSet_hc701202f__0.o Vtestbench_bsg_mem_1rw_sync__pi83__DepSet_hc701202f__0.cpp
g++ -Os  -I.  -MMD -I/usr/share/verilator/include -I/usr/share/verilator/include/vltstd -DVM_COVERAGE=0 -DVM_SC=0 -DVM_TRACE=0 -DVM_TRACE_FST=0 -DVM_TRACE_VCD=0 -faligned-new -fcf-protection=none -Wno-bool-operation -Wno-overloaded-virtual -Wno-shadow -Wno-sign-compare -Wno-uninitialized -Wno-unused-but-set-parameter -Wno-unused-but-set-variable -Wno-unused-parameter -Wno-unused-variable     -DVL_TIME_CONTEXT   -fcoroutines -include Vtestbench__pch.h.fast -c -o Vtestbench__main.o Vtestbench__main.cpp
g++ -Os  -I.  -MMD -I/usr/share/verilator/include -I/usr/share/verilator/include/vltstd -DVM_COVERAGE=0 -DVM_SC=0 -DVM_TRACE=0 -DVM_TRACE_FST=0 -DVM_TRACE_VCD=0 -faligned-new -fcf-protection=none -Wno-bool-operation -Wno-overloaded-virtual -Wno-shadow -Wno-sign-compare -Wno-uninitialized -Wno-unused-but-set-parameter -Wno-unused-but-set-variable -Wno-unused-parameter -Wno-unused-variable     -DVL_TIME_CONTEXT   -fcoroutines -include Vtestbench__pch.h.fast -c -o Vtestbench__Dpi.o Vtestbench__Dpi.cpp
g++   -I.  -MMD -I/usr/share/verilator/include -I/usr/share/verilator/include/vltstd -DVM_COVERAGE=0 -DVM_SC=0 -DVM_TRACE=0 -DVM_TRACE_FST=0 -DVM_TRACE_VCD=0 -faligned-new -fcf-protection=none -Wno-bool-operation -Wno-overloaded-virtual -Wno-shadow -Wno-sign-compare -Wno-uninitialized -Wno-unused-but-set-parameter -Wno-unused-but-set-variable -Wno-unused-parameter -Wno-unused-variable     -DVL_TIME_CONTEXT   -fcoroutines -include Vtestbench__pch.h.slow -c -o Vtestbench__ConstPool_0.o Vtestbench__ConstPool_0.cpp
g++   -I.  -MMD -I/usr/share/verilator/include -I/usr/share/verilator/include/vltstd -DVM_COVERAGE=0 -DVM_SC=0 -DVM_TRACE=0 -DVM_TRACE_FST=0 -DVM_TRACE_VCD=0 -faligned-new -fcf-protection=none -Wno-bool-operation -Wno-overloaded-virtual -Wno-shadow -Wno-sign-compare -Wno-uninitialized -Wno-unused-but-set-parameter -Wno-unused-but-set-variable -Wno-unused-parameter -Wno-unused-variable     -DVL_TIME_CONTEXT   -fcoroutines -include Vtestbench__pch.h.slow -c -o Vtestbench___024root__Slow.o Vtestbench___024root__Slow.cpp
g++   -I.  -MMD -I/usr/share/verilator/include -I/usr/share/verilator/include/vltstd -DVM_COVERAGE=0 -DVM_SC=0 -DVM_TRACE=0 -DVM_TRACE_FST=0 -DVM_TRACE_VCD=0 -faligned-new -fcf-protection=none -Wno-bool-operation -Wno-overloaded-virtual -Wno-shadow -Wno-sign-compare -Wno-uninitialized -Wno-unused-but-set-parameter -Wno-unused-but-set-variable -Wno-unused-parameter -Wno-unused-variable     -DVL_TIME_CONTEXT   -fcoroutines -include Vtestbench__pch.h.slow -c -o Vtestbench___024root__DepSet_hfc24d085__0__Slow.o Vtestbench___024root__DepSet_hfc24d085__0__Slow.cpp
g++   -I.  -MMD -I/usr/share/verilator/include -I/usr/share/verilator/include/vltstd -DVM_COVERAGE=0 -DVM_SC=0 -DVM_TRACE=0 -DVM_TRACE_FST=0 -DVM_TRACE_VCD=0 -faligned-new -fcf-protection=none -Wno-bool-operation -Wno-overloaded-virtual -Wno-shadow -Wno-sign-compare -Wno-uninitialized -Wno-unused-but-set-parameter -Wno-unused-but-set-variable -Wno-unused-parameter -Wno-unused-variable     -DVL_TIME_CONTEXT   -fcoroutines -include Vtestbench__pch.h.slow -c -o Vtestbench___024root__DepSet_hfc24d085__1__Slow.o Vtestbench___024root__DepSet_hfc24d085__1__Slow.cpp
g++   -I.  -MMD -I/usr/share/verilator/include -I/usr/share/verilator/include/vltstd -DVM_COVERAGE=0 -DVM_SC=0 -DVM_TRACE=0 -DVM_TRACE_FST=0 -DVM_TRACE_VCD=0 -faligned-new -fcf-protection=none -Wno-bool-operation -Wno-overloaded-virtual -Wno-shadow -Wno-sign-compare -Wno-uninitialized -Wno-unused-but-set-parameter -Wno-unused-but-set-variable -Wno-unused-parameter -Wno-unused-variable     -DVL_TIME_CONTEXT   -fcoroutines -include Vtestbench__pch.h.slow -c -o Vtestbench___024root__DepSet_hfc24d085__2__Slow.o Vtestbench___024root__DepSet_hfc24d085__2__Slow.cpp
g++   -I.  -MMD -I/usr/share/verilator/include -I/usr/share/verilator/include/vltstd -DVM_COVERAGE=0 -DVM_SC=0 -DVM_TRACE=0 -DVM_TRACE_FST=0 -DVM_TRACE_VCD=0 -faligned-new -fcf-protection=none -Wno-bool-operation -Wno-overloaded-virtual -Wno-shadow -Wno-sign-compare -Wno-uninitialized -Wno-unused-but-set-parameter -Wno-unused-but-set-variable -Wno-unused-parameter -Wno-unused-variable     -DVL_TIME_CONTEXT   -fcoroutines -include Vtestbench__pch.h.slow -c -o Vtestbench___024root__DepSet_hfc24d085__3__Slow.o Vtestbench___024root__DepSet_hfc24d085__3__Slow.cpp
g++   -I.  -MMD -I/usr/share/verilator/include -I/usr/share/verilator/include/vltstd -DVM_COVERAGE=0 -DVM_SC=0 -DVM_TRACE=0 -DVM_TRACE_FST=0 -DVM_TRACE_VCD=0 -faligned-new -fcf-protection=none -Wno-bool-operation -Wno-overloaded-virtual -Wno-shadow -Wno-sign-compare -Wno-uninitialized -Wno-unused-but-set-parameter -Wno-unused-but-set-variable -Wno-unused-parameter -Wno-unused-variable     -DVL_TIME_CONTEXT   -fcoroutines -include Vtestbench__pch.h.slow -c -o Vtestbench___024root__DepSet_hed41eec4__0__Slow.o Vtestbench___024root__DepSet_hed41eec4__0__Slow.cpp
g++   -I.  -MMD -I/usr/share/verilator/include -I/usr/share/verilator/include/vltstd -DVM_COVERAGE=0 -DVM_SC=0 -DVM_TRACE=0 -DVM_TRACE_FST=0 -DVM_TRACE_VCD=0 -faligned-new -fcf-protection=none -Wno-bool-operation -Wno-overloaded-virtual -Wno-shadow -Wno-sign-compare -Wno-uninitialized -Wno-unused-but-set-parameter -Wno-unused-but-set-variable -Wno-unused-parameter -Wno-unused-variable     -DVL_TIME_CONTEXT   -fcoroutines -include Vtestbench__pch.h.slow -c -o Vtestbench___024root__DepSet_hed41eec4__1__Slow.o Vtestbench___024root__DepSet_hed41eec4__1__Slow.cpp
g++   -I.  -MMD -I/usr/share/verilator/include -I/usr/share/verilator/include/vltstd -DVM_COVERAGE=0 -DVM_SC=0 -DVM_TRACE=0 -DVM_TRACE_FST=0 -DVM_TRACE_VCD=0 -faligned-new -fcf-protection=none -Wno-bool-operation -Wno-overloaded-virtual -Wno-shadow -Wno-sign-compare -Wno-uninitialized -Wno-unused-but-set-parameter -Wno-unused-but-set-variable -Wno-unused-parameter -Wno-unused-variable     -DVL_TIME_CONTEXT   -fcoroutines -include Vtestbench__pch.h.slow -c -o Vtestbench_bp_me_cache_slice__Bz1__Slow.o Vtestbench_bp_me_cache_slice__Bz1__Slow.cpp
g++   -I.  -MMD -I/usr/share/verilator/include -I/usr/share/verilator/include/vltstd -DVM_COVERAGE=0 -DVM_SC=0 -DVM_TRACE=0 -DVM_TRACE_FST=0 -DVM_TRACE_VCD=0 -faligned-new -fcf-protection=none -Wno-bool-operation -Wno-overloaded-virtual -Wno-shadow -Wno-sign-compare -Wno-uninitialized -Wno-unused-but-set-parameter -Wno-unused-but-set-variable -Wno-unused-parameter -Wno-unused-variable     -DVL_TIME_CONTEXT   -fcoroutines -include Vtestbench__pch.h.slow -c -o Vtestbench_bp_me_cache_slice__Bz1__DepSet_h77799904__0__Slow.o Vtestbench_bp_me_cache_slice__Bz1__DepSet_h77799904__0__Slow.cpp
g++   -I.  -MMD -I/usr/share/verilator/include -I/usr/share/verilator/include/vltstd -DVM_COVERAGE=0 -DVM_SC=0 -DVM_TRACE=0 -DVM_TRACE_FST=0 -DVM_TRACE_VCD=0 -faligned-new -fcf-protection=none -Wno-bool-operation -Wno-overloaded-virtual -Wno-shadow -Wno-sign-compare -Wno-uninitialized -Wno-unused-but-set-parameter -Wno-unused-but-set-variable -Wno-unused-parameter -Wno-unused-variable     -DVL_TIME_CONTEXT   -fcoroutines -include Vtestbench__pch.h.slow -c -o Vtestbench_bp_me_cache_slice__Bz1__DepSet_hd2b2a117__0__Slow.o Vtestbench_bp_me_cache_slice__Bz1__DepSet_hd2b2a117__0__Slow.cpp
g++   -I.  -MMD -I/usr/share/verilator/include -I/usr/share/verilator/include/vltstd -DVM_COVERAGE=0 -DVM_SC=0 -DVM_TRACE=0 -DVM_TRACE_FST=0 -DVM_TRACE_VCD=0 -faligned-new -fcf-protection=none -Wno-bool-operation -Wno-overloaded-virtual -Wno-shadow -Wno-sign-compare -Wno-uninitialized -Wno-unused-but-set-parameter -Wno-unused-but-set-variable -Wno-unused-parameter -Wno-unused-variable     -DVL_TIME_CONTEXT   -fcoroutines -include Vtestbench__pch.h.slow -c -o Vtestbench_bp_me_cache_slice__Bz1__DepSet_h4babd097__0__Slow.o Vtestbench_bp_me_cache_slice__Bz1__DepSet_h4babd097__0__Slow.cpp
g++   -I.  -MMD -I/usr/share/verilator/include -I/usr/share/verilator/include/vltstd -DVM_COVERAGE=0 -DVM_SC=0 -DVM_TRACE=0 -DVM_TRACE_FST=0 -DVM_TRACE_VCD=0 -faligned-new -fcf-protection=none -Wno-bool-operation -Wno-overloaded-virtual -Wno-shadow -Wno-sign-compare -Wno-uninitialized -Wno-unused-but-set-parameter -Wno-unused-but-set-variable -Wno-unused-parameter -Wno-unused-variable     -DVL_TIME_CONTEXT   -fcoroutines -include Vtestbench__pch.h.slow -c -o Vtestbench_bp_me_stream_pump_out__pi13__Slow.o Vtestbench_bp_me_stream_pump_out__pi13__Slow.cpp
g++   -I.  -MMD -I/usr/share/verilator/include -I/usr/share/verilator/include/vltstd -DVM_COVERAGE=0 -DVM_SC=0 -DVM_TRACE=0 -DVM_TRACE_FST=0 -DVM_TRACE_VCD=0 -faligned-new -fcf-protection=none -Wno-bool-operation -Wno-overloaded-virtual -Wno-shadow -Wno-sign-compare -Wno-uninitialized -Wno-unused-but-set-parameter -Wno-unused-but-set-variable -Wno-unused-parameter -Wno-unused-variable     -DVL_TIME_CONTEXT   -fcoroutines -include Vtestbench__pch.h.slow -c -o Vtestbench_bp_me_stream_pump_out__pi13__DepSet_h1bd88d96__0__Slow.o Vtestbench_bp_me_stream_pump_out__pi13__DepSet_h1bd88d96__0__Slow.cpp
g++   -I.  -MMD -I/usr/share/verilator/include -I/usr/share/verilator/include/vltstd -DVM_COVERAGE=0 -DVM_SC=0 -DVM_TRACE=0 -DVM_TRACE_FST=0 -DVM_TRACE_VCD=0 -faligned-new -fcf-protection=none -Wno-bool-operation -Wno-overloaded-virtual -Wno-shadow -Wno-sign-compare -Wno-uninitialized -Wno-unused-but-set-parameter -Wno-unused-but-set-variable -Wno-unused-parameter -Wno-unused-variable     -DVL_TIME_CONTEXT   -fcoroutines -include Vtestbench__pch.h.slow -c -o Vtestbench_bp_me_stream_pump_out__pi13__DepSet_hcd5633d7__0__Slow.o Vtestbench_bp_me_stream_pump_out__pi13__DepSet_hcd5633d7__0__Slow.cpp
g++   -I.  -MMD -I/usr/share/verilator/include -I/usr/share/verilator/include/vltstd -DVM_COVERAGE=0 -DVM_SC=0 -DVM_TRACE=0 -DVM_TRACE_FST=0 -DVM_TRACE_VCD=0 -faligned-new -fcf-protection=none -Wno-bool-operation -Wno-overloaded-virtual -Wno-shadow -Wno-sign-compare -Wno-uninitialized -Wno-unused-but-set-parameter -Wno-unused-but-set-variable -Wno-unused-parameter -Wno-unused-variable     -DVL_TIME_CONTEXT   -fcoroutines -include Vtestbench__pch.h.slow -c -o Vtestbench_bp_me_stream_pump_in__pi14__Slow.o Vtestbench_bp_me_stream_pump_in__pi14__Slow.cpp
g++   -I.  -MMD -I/usr/share/verilator/include -I/usr/share/verilator/include/vltstd -DVM_COVERAGE=0 -DVM_SC=0 -DVM_TRACE=0 -DVM_TRACE_FST=0 -DVM_TRACE_VCD=0 -faligned-new -fcf-protection=none -Wno-bool-operation -Wno-overloaded-virtual -Wno-shadow -Wno-sign-compare -Wno-uninitialized -Wno-unused-but-set-parameter -Wno-unused-but-set-variable -Wno-unused-parameter -Wno-unused-variable     -DVL_TIME_CONTEXT   -fcoroutines -include Vtestbench__pch.h.slow -c -o Vtestbench_bp_me_stream_pump_in__pi14__DepSet_hb0d8f458__0__Slow.o Vtestbench_bp_me_stream_pump_in__pi14__DepSet_hb0d8f458__0__Slow.cpp
g++   -I.  -MMD -I/usr/share/verilator/include -I/usr/share/verilator/include/vltstd -DVM_COVERAGE=0 -DVM_SC=0 -DVM_TRACE=0 -DVM_TRACE_FST=0 -DVM_TRACE_VCD=0 -faligned-new -fcf-protection=none -Wno-bool-operation -Wno-overloaded-virtual -Wno-shadow -Wno-sign-compare -Wno-uninitialized -Wno-unused-but-set-parameter -Wno-unused-but-set-variable -Wno-unused-parameter -Wno-unused-variable     -DVL_TIME_CONTEXT   -fcoroutines -include Vtestbench__pch.h.slow -c -o Vtestbench_bp_me_stream_pump_in__pi14__DepSet_h2855ca99__0__Slow.o Vtestbench_bp_me_stream_pump_in__pi14__DepSet_h2855ca99__0__Slow.cpp
g++   -I.  -MMD -I/usr/share/verilator/include -I/usr/share/verilator/include/vltstd -DVM_COVERAGE=0 -DVM_SC=0 -DVM_TRACE=0 -DVM_TRACE_FST=0 -DVM_TRACE_VCD=0 -faligned-new -fcf-protection=none -Wno-bool-operation -Wno-overloaded-virtual -Wno-shadow -Wno-sign-compare -Wno-uninitialized -Wno-unused-but-set-parameter -Wno-unused-but-set-variable -Wno-unused-parameter -Wno-unused-variable     -DVL_TIME_CONTEXT   -fcoroutines -include Vtestbench__pch.h.slow -c -o Vtestbench_bp_me_stream_pump_in__pi21__Slow.o Vtestbench_bp_me_stream_pump_in__pi21__Slow.cpp
g++   -I.  -MMD -I/usr/share/verilator/include -I/usr/share/verilator/include/vltstd -DVM_COVERAGE=0 -DVM_SC=0 -DVM_TRACE=0 -DVM_TRACE_FST=0 -DVM_TRACE_VCD=0 -faligned-new -fcf-protection=none -Wno-bool-operation -Wno-overloaded-virtual -Wno-shadow -Wno-sign-compare -Wno-uninitialized -Wno-unused-but-set-parameter -Wno-unused-but-set-variable -Wno-unused-parameter -Wno-unused-variable     -DVL_TIME_CONTEXT   -fcoroutines -include Vtestbench__pch.h.slow -c -o Vtestbench_bp_me_stream_pump_in__pi21__DepSet_h62859bfc__0__Slow.o Vtestbench_bp_me_stream_pump_in__pi21__DepSet_h62859bfc__0__Slow.cpp
g++   -I.  -MMD -I/usr/share/verilator/include -I/usr/share/verilator/include/vltstd -DVM_COVERAGE=0 -DVM_SC=0 -DVM_TRACE=0 -DVM_TRACE_FST=0 -DVM_TRACE_VCD=0 -faligned-new -fcf-protection=none -Wno-bool-operation -Wno-overloaded-virtual -Wno-shadow -Wno-sign-compare -Wno-uninitialized -Wno-unused-but-set-parameter -Wno-unused-but-set-variable -Wno-unused-parameter -Wno-unused-variable     -DVL_TIME_CONTEXT   -fcoroutines -include Vtestbench__pch.h.slow -c -o Vtestbench_bp_me_stream_pump_in__pi21__DepSet_h56a3263d__0__Slow.o Vtestbench_bp_me_stream_pump_in__pi21__DepSet_h56a3263d__0__Slow.cpp
g++   -I.  -MMD -I/usr/share/verilator/include -I/usr/share/verilator/include/vltstd -DVM_COVERAGE=0 -DVM_SC=0 -DVM_TRACE=0 -DVM_TRACE_FST=0 -DVM_TRACE_VCD=0 -faligned-new -fcf-protection=none -Wno-bool-operation -Wno-overloaded-virtual -Wno-shadow -Wno-sign-compare -Wno-uninitialized -Wno-unused-but-set-parameter -Wno-unused-but-set-variable -Wno-unused-parameter -Wno-unused-variable     -DVL_TIME_CONTEXT   -fcoroutines -include Vtestbench__pch.h.slow -c -o Vtestbench_bp_me_stream_pump_out__pi22__Slow.o Vtestbench_bp_me_stream_pump_out__pi22__Slow.cpp
g++   -I.  -MMD -I/usr/share/verilator/include -I/usr/share/verilator/include/vltstd -DVM_COVERAGE=0 -DVM_SC=0 -DVM_TRACE=0 -DVM_TRACE_FST=0 -DVM_TRACE_VCD=0 -faligned-new -fcf-protection=none -Wno-bool-operation -Wno-overloaded-virtual -Wno-shadow -Wno-sign-compare -Wno-uninitialized -Wno-unused-but-set-parameter -Wno-unused-but-set-variable -Wno-unused-parameter -Wno-unused-variable     -DVL_TIME_CONTEXT   -fcoroutines -include Vtestbench__pch.h.slow -c -o Vtestbench_bp_me_stream_pump_out__pi22__DepSet_h884a46a8__0__Slow.o Vtestbench_bp_me_stream_pump_out__pi22__DepSet_h884a46a8__0__Slow.cpp
g++   -I.  -MMD -I/usr/share/verilator/include -I/usr/share/verilator/include/vltstd -DVM_COVERAGE=0 -DVM_SC=0 -DVM_TRACE=0 -DVM_TRACE_FST=0 -DVM_TRACE_VCD=0 -faligned-new -fcf-protection=none -Wno-bool-operation -Wno-overloaded-virtual -Wno-shadow -Wno-sign-compare -Wno-uninitialized -Wno-unused-but-set-parameter -Wno-unused-but-set-variable -Wno-unused-parameter -Wno-unused-variable     -DVL_TIME_CONTEXT   -fcoroutines -include Vtestbench__pch.h.slow -c -o Vtestbench_bp_me_stream_pump_out__pi22__DepSet_h40e478e9__0__Slow.o Vtestbench_bp_me_stream_pump_out__pi22__DepSet_h40e478e9__0__Slow.cpp
g++   -I.  -MMD -I/usr/share/verilator/include -I/usr/share/verilator/include/vltstd -DVM_COVERAGE=0 -DVM_SC=0 -DVM_TRACE=0 -DVM_TRACE_FST=0 -DVM_TRACE_VCD=0 -faligned-new -fcf-protection=none -Wno-bool-operation -Wno-overloaded-virtual -Wno-shadow -Wno-sign-compare -Wno-uninitialized -Wno-unused-but-set-parameter -Wno-unused-but-set-variable -Wno-unused-parameter -Wno-unused-variable     -DVL_TIME_CONTEXT   -fcoroutines -include Vtestbench__pch.h.slow -c -o Vtestbench_bp_me_stream_pump_control__pi30__Slow.o Vtestbench_bp_me_stream_pump_control__pi30__Slow.cpp
g++   -I.  -MMD -I/usr/share/verilator/include -I/usr/share/verilator/include/vltstd -DVM_COVERAGE=0 -DVM_SC=0 -DVM_TRACE=0 -DVM_TRACE_FST=0 -DVM_TRACE_VCD=0 -faligned-new -fcf-protection=none -Wno-bool-operation -Wno-overloaded-virtual -Wno-shadow -Wno-sign-compare -Wno-uninitialized -Wno-unused-but-set-parameter -Wno-unused-but-set-variable -Wno-unused-parameter -Wno-unused-variable     -DVL_TIME_CONTEXT   -fcoroutines -include Vtestbench__pch.h.slow -c -o Vtestbench_bp_me_stream_pump_control__pi30__DepSet_h92dabeeb__0__Slow.o Vtestbench_bp_me_stream_pump_control__pi30__DepSet_h92dabeeb__0__Slow.cpp
g++   -I.  -MMD -I/usr/share/verilator/include -I/usr/share/verilator/include/vltstd -DVM_COVERAGE=0 -DVM_SC=0 -DVM_TRACE=0 -DVM_TRACE_FST=0 -DVM_TRACE_VCD=0 -faligned-new -fcf-protection=none -Wno-bool-operation -Wno-overloaded-virtual -Wno-shadow -Wno-sign-compare -Wno-uninitialized -Wno-unused-but-set-parameter -Wno-unused-but-set-variable -Wno-unused-parameter -Wno-unused-variable     -DVL_TIME_CONTEXT   -fcoroutines -include Vtestbench__pch.h.slow -c -o Vtestbench_bp_be_pipe_int__Bz1__Slow.o Vtestbench_bp_be_pipe_int__Bz1__Slow.cpp
g++   -I.  -MMD -I/usr/share/verilator/include -I/usr/share/verilator/include/vltstd -DVM_COVERAGE=0 -DVM_SC=0 -DVM_TRACE=0 -DVM_TRACE_FST=0 -DVM_TRACE_VCD=0 -faligned-new -fcf-protection=none -Wno-bool-operation -Wno-overloaded-virtual -Wno-shadow -Wno-sign-compare -Wno-uninitialized -Wno-unused-but-set-parameter -Wno-unused-but-set-variable -Wno-unused-parameter -Wno-unused-variable     -DVL_TIME_CONTEXT   -fcoroutines -include Vtestbench__pch.h.slow -c -o Vtestbench_bp_be_pipe_int__Bz1__DepSet_hc86124ad__0__Slow.o Vtestbench_bp_be_pipe_int__Bz1__DepSet_hc86124ad__0__Slow.cpp
g++   -I.  -MMD -I/usr/share/verilator/include -I/usr/share/verilator/include/vltstd -DVM_COVERAGE=0 -DVM_SC=0 -DVM_TRACE=0 -DVM_TRACE_FST=0 -DVM_TRACE_VCD=0 -faligned-new -fcf-protection=none -Wno-bool-operation -Wno-overloaded-virtual -Wno-shadow -Wno-sign-compare -Wno-uninitialized -Wno-unused-but-set-parameter -Wno-unused-but-set-variable -Wno-unused-parameter -Wno-unused-variable     -DVL_TIME_CONTEXT   -fcoroutines -include Vtestbench__pch.h.slow -c -o Vtestbench_bsg_async_fifo__W4f_La__Slow.o Vtestbench_bsg_async_fifo__W4f_La__Slow.cpp
g++   -I.  -MMD -I/usr/share/verilator/include -I/usr/share/verilator/include/vltstd -DVM_COVERAGE=0 -DVM_SC=0 -DVM_TRACE=0 -DVM_TRACE_FST=0 -DVM_TRACE_VCD=0 -faligned-new -fcf-protection=none -Wno-bool-operation -Wno-overloaded-virtual -Wno-shadow -Wno-sign-compare -Wno-uninitialized -Wno-unused-but-set-parameter -Wno-unused-but-set-variable -Wno-unused-parameter -Wno-unused-variable     -DVL_TIME_CONTEXT   -fcoroutines -include Vtestbench__pch.h.slow -c -o Vtestbench_bsg_async_fifo__W4f_La__DepSet_h21fe9a12__0__Slow.o Vtestbench_bsg_async_fifo__W4f_La__DepSet_h21fe9a12__0__Slow.cpp
g++   -I.  -MMD -I/usr/share/verilator/include -I/usr/share/verilator/include/vltstd -DVM_COVERAGE=0 -DVM_SC=0 -DVM_TRACE=0 -DVM_TRACE_FST=0 -DVM_TRACE_VCD=0 -faligned-new -fcf-protection=none -Wno-bool-operation -Wno-overloaded-virtual -Wno-shadow -Wno-sign-compare -Wno-uninitialized -Wno-unused-but-set-parameter -Wno-unused-but-set-variable -Wno-unused-parameter -Wno-unused-variable     -DVL_TIME_CONTEXT   -fcoroutines -include Vtestbench__pch.h.slow -c -o Vtestbench_bp_be_int_unbox__Bz1__Slow.o Vtestbench_bp_be_int_unbox__Bz1__Slow.cpp
g++   -I.  -MMD -I/usr/share/verilator/include -I/usr/share/verilator/include/vltstd -DVM_COVERAGE=0 -DVM_SC=0 -DVM_TRACE=0 -DVM_TRACE_FST=0 -DVM_TRACE_VCD=0 -faligned-new -fcf-protection=none -Wno-bool-operation -Wno-overloaded-virtual -Wno-shadow -Wno-sign-compare -Wno-uninitialized -Wno-unused-but-set-parameter -Wno-unused-but-set-variable -Wno-unused-parameter -Wno-unused-variable     -DVL_TIME_CONTEXT   -fcoroutines -include Vtestbench__pch.h.slow -c -o Vtestbench_bp_be_int_unbox__Bz1__DepSet_h3caaae69__0__Slow.o Vtestbench_bp_be_int_unbox__Bz1__DepSet_h3caaae69__0__Slow.cpp
g++   -I.  -MMD -I/usr/share/verilator/include -I/usr/share/verilator/include/vltstd -DVM_COVERAGE=0 -DVM_SC=0 -DVM_TRACE=0 -DVM_TRACE_FST=0 -DVM_TRACE_VCD=0 -faligned-new -fcf-protection=none -Wno-bool-operation -Wno-overloaded-virtual -Wno-shadow -Wno-sign-compare -Wno-uninitialized -Wno-unused-but-set-parameter -Wno-unused-but-set-variable -Wno-unused-parameter -Wno-unused-variable     -DVL_TIME_CONTEXT   -fcoroutines -include Vtestbench__pch.h.slow -c -o Vtestbench_bp_be_fp_box__Bz1__Slow.o Vtestbench_bp_be_fp_box__Bz1__Slow.cpp
g++   -I.  -MMD -I/usr/share/verilator/include -I/usr/share/verilator/include/vltstd -DVM_COVERAGE=0 -DVM_SC=0 -DVM_TRACE=0 -DVM_TRACE_FST=0 -DVM_TRACE_VCD=0 -faligned-new -fcf-protection=none -Wno-bool-operation -Wno-overloaded-virtual -Wno-shadow -Wno-sign-compare -Wno-uninitialized -Wno-unused-but-set-parameter -Wno-unused-but-set-variable -Wno-unused-parameter -Wno-unused-variable     -DVL_TIME_CONTEXT   -fcoroutines -include Vtestbench__pch.h.slow -c -o Vtestbench_bp_be_fp_box__Bz1__DepSet_h92c661c6__0__Slow.o Vtestbench_bp_be_fp_box__Bz1__DepSet_h92c661c6__0__Slow.cpp
g++   -I.  -MMD -I/usr/share/verilator/include -I/usr/share/verilator/include/vltstd -DVM_COVERAGE=0 -DVM_SC=0 -DVM_TRACE=0 -DVM_TRACE_FST=0 -DVM_TRACE_VCD=0 -faligned-new -fcf-protection=none -Wno-bool-operation -Wno-overloaded-virtual -Wno-shadow -Wno-sign-compare -Wno-uninitialized -Wno-unused-but-set-parameter -Wno-unused-but-set-variable -Wno-unused-parameter -Wno-unused-variable     -DVL_TIME_CONTEXT   -fcoroutines -include Vtestbench__pch.h.slow -c -o Vtestbench_bp_be_fp_rebox__Bz1__Slow.o Vtestbench_bp_be_fp_rebox__Bz1__Slow.cpp
g++   -I.  -MMD -I/usr/share/verilator/include -I/usr/share/verilator/include/vltstd -DVM_COVERAGE=0 -DVM_SC=0 -DVM_TRACE=0 -DVM_TRACE_FST=0 -DVM_TRACE_VCD=0 -faligned-new -fcf-protection=none -Wno-bool-operation -Wno-overloaded-virtual -Wno-shadow -Wno-sign-compare -Wno-uninitialized -Wno-unused-but-set-parameter -Wno-unused-but-set-variable -Wno-unused-parameter -Wno-unused-variable     -DVL_TIME_CONTEXT   -fcoroutines -include Vtestbench__pch.h.slow -c -o Vtestbench_bp_be_fp_rebox__Bz1__DepSet_h7e2702a6__0__Slow.o Vtestbench_bp_be_fp_rebox__Bz1__DepSet_h7e2702a6__0__Slow.cpp
g++   -I.  -MMD -I/usr/share/verilator/include -I/usr/share/verilator/include/vltstd -DVM_COVERAGE=0 -DVM_SC=0 -DVM_TRACE=0 -DVM_TRACE_FST=0 -DVM_TRACE_VCD=0 -faligned-new -fcf-protection=none -Wno-bool-operation -Wno-overloaded-virtual -Wno-shadow -Wno-sign-compare -Wno-uninitialized -Wno-unused-but-set-parameter -Wno-unused-but-set-variable -Wno-unused-parameter -Wno-unused-variable     -DVL_TIME_CONTEXT   -fcoroutines -include Vtestbench__pch.h.slow -c -o Vtestbench_bp_tlb__Bz1_EC8_EB2_E1__Slow.o Vtestbench_bp_tlb__Bz1_EC8_EB2_E1__Slow.cpp
g++   -I.  -MMD -I/usr/share/verilator/include -I/usr/share/verilator/include/vltstd -DVM_COVERAGE=0 -DVM_SC=0 -DVM_TRACE=0 -DVM_TRACE_FST=0 -DVM_TRACE_VCD=0 -faligned-new -fcf-protection=none -Wno-bool-operation -Wno-overloaded-virtual -Wno-shadow -Wno-sign-compare -Wno-uninitialized -Wno-unused-but-set-parameter -Wno-unused-but-set-variable -Wno-unused-parameter -Wno-unused-variable     -DVL_TIME_CONTEXT   -fcoroutines -include Vtestbench__pch.h.slow -c -o Vtestbench_bp_tlb__Bz1_EC8_EB2_E1__DepSet_h82fab659__0__Slow.o Vtestbench_bp_tlb__Bz1_EC8_EB2_E1__DepSet_h82fab659__0__Slow.cpp
g++   -I.  -MMD -I/usr/share/verilator/include -I/usr/share/verilator/include/vltstd -DVM_COVERAGE=0 -DVM_SC=0 -DVM_TRACE=0 -DVM_TRACE_FST=0 -DVM_TRACE_VCD=0 -faligned-new -fcf-protection=none -Wno-bool-operation -Wno-overloaded-virtual -Wno-shadow -Wno-sign-compare -Wno-uninitialized -Wno-unused-but-set-parameter -Wno-unused-but-set-variable -Wno-unused-parameter -Wno-unused-variable     -DVL_TIME_CONTEXT   -fcoroutines -include Vtestbench__pch.h.slow -c -o Vtestbench_bp_tlb__Bz1_EC8_EB2_E1__DepSet_h36740898__0__Slow.o Vtestbench_bp_tlb__Bz1_EC8_EB2_E1__DepSet_h36740898__0__Slow.cpp
g++   -I.  -MMD -I/usr/share/verilator/include -I/usr/share/verilator/include/vltstd -DVM_COVERAGE=0 -DVM_SC=0 -DVM_TRACE=0 -DVM_TRACE_FST=0 -DVM_TRACE_VCD=0 -faligned-new -fcf-protection=none -Wno-bool-operation -Wno-overloaded-virtual -Wno-shadow -Wno-sign-compare -Wno-uninitialized -Wno-unused-but-set-parameter -Wno-unused-but-set-variable -Wno-unused-parameter -Wno-unused-variable     -DVL_TIME_CONTEXT   -fcoroutines -include Vtestbench__pch.h.slow -c -o Vtestbench_bsg_mem_1rw_sync_mask_write_byte__pi59__Slow.o Vtestbench_bsg_mem_1rw_sync_mask_write_byte__pi59__Slow.cpp
g++   -I.  -MMD -I/usr/share/verilator/include -I/usr/share/verilator/include/vltstd -DVM_COVERAGE=0 -DVM_SC=0 -DVM_TRACE=0 -DVM_TRACE_FST=0 -DVM_TRACE_VCD=0 -faligned-new -fcf-protection=none -Wno-bool-operation -Wno-overloaded-virtual -Wno-shadow -Wno-sign-compare -Wno-uninitialized -Wno-unused-but-set-parameter -Wno-unused-but-set-variable -Wno-unused-parameter -Wno-unused-variable     -DVL_TIME_CONTEXT   -fcoroutines -include Vtestbench__pch.h.slow -c -o Vtestbench_bsg_mem_1rw_sync_mask_write_byte__pi59__DepSet_h29286070__0__Slow.o Vtestbench_bsg_mem_1rw_sync_mask_write_byte__pi59__DepSet_h29286070__0__Slow.cpp
g++   -I.  -MMD -I/usr/share/verilator/include -I/usr/share/verilator/include/vltstd -DVM_COVERAGE=0 -DVM_SC=0 -DVM_TRACE=0 -DVM_TRACE_FST=0 -DVM_TRACE_VCD=0 -faligned-new -fcf-protection=none -Wno-bool-operation -Wno-overloaded-virtual -Wno-shadow -Wno-sign-compare -Wno-uninitialized -Wno-unused-but-set-parameter -Wno-unused-but-set-variable -Wno-unused-parameter -Wno-unused-variable     -DVL_TIME_CONTEXT   -fcoroutines -include Vtestbench__pch.h.slow -c -o Vtestbench_bsg_mux_one_hot__W40_E8__Slow.o Vtestbench_bsg_mux_one_hot__W40_E8__Slow.cpp
g++   -I.  -MMD -I/usr/share/verilator/include -I/usr/share/verilator/include/vltstd -DVM_COVERAGE=0 -DVM_SC=0 -DVM_TRACE=0 -DVM_TRACE_FST=0 -DVM_TRACE_VCD=0 -faligned-new -fcf-protection=none -Wno-bool-operation -Wno-overloaded-virtual -Wno-shadow -Wno-sign-compare -Wno-uninitialized -Wno-unused-but-set-parameter -Wno-unused-but-set-variable -Wno-unused-parameter -Wno-unused-variable     -DVL_TIME_CONTEXT   -fcoroutines -include Vtestbench__pch.h.slow -c -o Vtestbench_bsg_mux_one_hot__W40_E8__DepSet_he1133b7c__0__Slow.o Vtestbench_bsg_mux_one_hot__W40_E8__DepSet_he1133b7c__0__Slow.cpp
g++   -I.  -MMD -I/usr/share/verilator/include -I/usr/share/verilator/include/vltstd -DVM_COVERAGE=0 -DVM_SC=0 -DVM_TRACE=0 -DVM_TRACE_FST=0 -DVM_TRACE_VCD=0 -faligned-new -fcf-protection=none -Wno-bool-operation -Wno-overloaded-virtual -Wno-shadow -Wno-sign-compare -Wno-uninitialized -Wno-unused-but-set-parameter -Wno-unused-but-set-variable -Wno-unused-parameter -Wno-unused-variable     -DVL_TIME_CONTEXT   -fcoroutines -include Vtestbench__pch.h.slow -c -o Vtestbench_bsg_mux_one_hot__Wc1_E3__Slow.o Vtestbench_bsg_mux_one_hot__Wc1_E3__Slow.cpp
g++   -I.  -MMD -I/usr/share/verilator/include -I/usr/share/verilator/include/vltstd -DVM_COVERAGE=0 -DVM_SC=0 -DVM_TRACE=0 -DVM_TRACE_FST=0 -DVM_TRACE_VCD=0 -faligned-new -fcf-protection=none -Wno-bool-operation -Wno-overloaded-virtual -Wno-shadow -Wno-sign-compare -Wno-uninitialized -Wno-unused-but-set-parameter -Wno-unused-but-set-variable -Wno-unused-parameter -Wno-unused-variable     -DVL_TIME_CONTEXT   -fcoroutines -include Vtestbench__pch.h.slow -c -o Vtestbench_bsg_mux_one_hot__Wc1_E3__DepSet_hc046d665__0__Slow.o Vtestbench_bsg_mux_one_hot__Wc1_E3__DepSet_hc046d665__0__Slow.cpp
g++   -I.  -MMD -I/usr/share/verilator/include -I/usr/share/verilator/include/vltstd -DVM_COVERAGE=0 -DVM_SC=0 -DVM_TRACE=0 -DVM_TRACE_FST=0 -DVM_TRACE_VCD=0 -faligned-new -fcf-protection=none -Wno-bool-operation -Wno-overloaded-virtual -Wno-shadow -Wno-sign-compare -Wno-uninitialized -Wno-unused-but-set-parameter -Wno-unused-but-set-variable -Wno-unused-parameter -Wno-unused-variable     -DVL_TIME_CONTEXT   -fcoroutines -include Vtestbench__pch.h.slow -c -o Vtestbench_bsg_mux_one_hot__Wc1_E6__Slow.o Vtestbench_bsg_mux_one_hot__Wc1_E6__Slow.cpp
g++   -I.  -MMD -I/usr/share/verilator/include -I/usr/share/verilator/include/vltstd -DVM_COVERAGE=0 -DVM_SC=0 -DVM_TRACE=0 -DVM_TRACE_FST=0 -DVM_TRACE_VCD=0 -faligned-new -fcf-protection=none -Wno-bool-operation -Wno-overloaded-virtual -Wno-shadow -Wno-sign-compare -Wno-uninitialized -Wno-unused-but-set-parameter -Wno-unused-but-set-variable -Wno-unused-parameter -Wno-unused-variable     -DVL_TIME_CONTEXT   -fcoroutines -include Vtestbench__pch.h.slow -c -o Vtestbench_bsg_mux_one_hot__Wc1_E6__DepSet_h9381f16d__0__Slow.o Vtestbench_bsg_mux_one_hot__Wc1_E6__DepSet_h9381f16d__0__Slow.cpp
g++   -I.  -MMD -I/usr/share/verilator/include -I/usr/share/verilator/include/vltstd -DVM_COVERAGE=0 -DVM_SC=0 -DVM_TRACE=0 -DVM_TRACE_FST=0 -DVM_TRACE_VCD=0 -faligned-new -fcf-protection=none -Wno-bool-operation -Wno-overloaded-virtual -Wno-shadow -Wno-sign-compare -Wno-uninitialized -Wno-unused-but-set-parameter -Wno-unused-but-set-variable -Wno-unused-parameter -Wno-unused-variable     -DVL_TIME_CONTEXT   -fcoroutines -include Vtestbench__pch.h.slow -c -o Vtestbench_bsg_mem_1rw_sync__pi83__Slow.o Vtestbench_bsg_mem_1rw_sync__pi83__Slow.cpp
g++   -I.  -MMD -I/usr/share/verilator/include -I/usr/share/verilator/include/vltstd -DVM_COVERAGE=0 -DVM_SC=0 -DVM_TRACE=0 -DVM_TRACE_FST=0 -DVM_TRACE_VCD=0 -faligned-new -fcf-protection=none -Wno-bool-operation -Wno-overloaded-virtual -Wno-shadow -Wno-sign-compare -Wno-uninitialized -Wno-unused-but-set-parameter -Wno-unused-but-set-variable -Wno-unused-parameter -Wno-unused-variable     -DVL_TIME_CONTEXT   -fcoroutines -include Vtestbench__pch.h.slow -c -o Vtestbench_bsg_mem_1rw_sync__pi83__DepSet_hf21f9e6e__0__Slow.o Vtestbench_bsg_mem_1rw_sync__pi83__DepSet_hf21f9e6e__0__Slow.cpp
g++   -I.  -MMD -I/usr/share/verilator/include -I/usr/share/verilator/include/vltstd -DVM_COVERAGE=0 -DVM_SC=0 -DVM_TRACE=0 -DVM_TRACE_FST=0 -DVM_TRACE_VCD=0 -faligned-new -fcf-protection=none -Wno-bool-operation -Wno-overloaded-virtual -Wno-shadow -Wno-sign-compare -Wno-uninitialized -Wno-unused-but-set-parameter -Wno-unused-but-set-variable -Wno-unused-parameter -Wno-unused-variable     -DVL_TIME_CONTEXT   -fcoroutines -include Vtestbench__pch.h.slow -c -o Vtestbench__Syms.o Vtestbench__Syms.cpp
Archive ar -rcs Vtestbench__ALL.a Vtestbench.o Vtestbench___024root__DepSet_hfc24d085__0.o Vtestbench___024root__DepSet_hfc24d085__1.o Vtestbench___024root__DepSet_hfc24d085__2.o Vtestbench___024root__DepSet_hfc24d085__3.o Vtestbench___024root__DepSet_hfc24d085__4.o Vtestbench___024root__DepSet_hfc24d085__5.o Vtestbench___024root__DepSet_hed41eec4__0.o Vtestbench___024root__DepSet_hed41eec4__1.o Vtestbench___024root__DepSet_hed41eec4__2.o Vtestbench___024root__DepSet_hed41eec4__3.o Vtestbench___024root__DepSet_hed41eec4__4.o Vtestbench___024root__DepSet_hed41eec4__5.o Vtestbench___024root__DepSet_hed41eec4__6.o Vtestbench_bp_me_cache_slice__Bz1__DepSet_h9db2ee56__0.o Vtestbench_bp_me_cache_slice__Bz1__DepSet_h77799904__0.o Vtestbench_bp_me_cache_slice__Bz1__DepSet_h991ddcab__0.o Vtestbench_bp_me_cache_slice__Bz1__DepSet_h4babd097__0.o Vtestbench_bp_me_cache_slice__Bz1__DepSet_h1f2990b5__0.o Vtestbench_bp_me_cache_slice__Bz1__DepSet_h75684259__0.o Vtestbench_bp_me_stream_pump_out__pi13__DepSet_h1bd88d96__0.o Vtestbench_bp_me_stream_pump_in__pi14__DepSet_hb0d8f458__0.o Vtestbench_bp_me_stream_pump_in__pi21__DepSet_h62859bfc__0.o Vtestbench_bp_me_stream_pump_out__pi22__DepSet_h884a46a8__0.o Vtestbench_bp_me_stream_pump_control__pi30__DepSet_h265c00aa__0.o Vtestbench_bp_be_pipe_int__Bz1__DepSet_h10c79a6c__0.o Vtestbench_bp_be_pipe_int__Bz1__DepSet_hc86124ad__0.o Vtestbench_bsg_async_fifo__W4f_La__DepSet_hb76027d3__0.o Vtestbench_bp_be_int_unbox__Bz1__DepSet_h8c8c1028__0.o Vtestbench_bp_be_fp_box__Bz1__DepSet_h26a85f87__0.o Vtestbench_bp_be_fp_box__Bz1__DepSet_h92c661c6__0.o Vtestbench_bp_be_fp_rebox__Bz1__DepSet_h4b09bc67__0.o Vtestbench_bp_tlb__Bz1_EC8_EB2_E1__DepSet_h82fab659__0.o Vtestbench_bp_tlb__Bz1_EC8_EB2_E1__DepSet_h36740898__0.o Vtestbench_bsg_mem_1rw_sync_mask_write_byte__pi59__DepSet_hb00e5e31__0.o Vtestbench_bsg_mux_one_hot__W40_E8__DepSet_he815853d__0.o Vtestbench_bsg_mux_one_hot__Wc1_E3__DepSet_h0929e824__0.o Vtestbench_bsg_mux_one_hot__Wc1_E6__DepSet_h25e4cf2c__0.o Vtestbench_bsg_mem_1rw_sync__pi83__DepSet_hc701202f__0.o Vtestbench__main.o Vtestbench__Dpi.o Vtestbench__ConstPool_0.o Vtestbench___024root__Slow.o Vtestbench___024root__DepSet_hfc24d085__0__Slow.o Vtestbench___024root__DepSet_hfc24d085__1__Slow.o Vtestbench___024root__DepSet_hfc24d085__2__Slow.o Vtestbench___024root__DepSet_hfc24d085__3__Slow.o Vtestbench___024root__DepSet_hed41eec4__0__Slow.o Vtestbench___024root__DepSet_hed41eec4__1__Slow.o Vtestbench_bp_me_cache_slice__Bz1__Slow.o Vtestbench_bp_me_cache_slice__Bz1__DepSet_h77799904__0__Slow.o Vtestbench_bp_me_cache_slice__Bz1__DepSet_hd2b2a117__0__Slow.o Vtestbench_bp_me_cache_slice__Bz1__DepSet_h4babd097__0__Slow.o Vtestbench_bp_me_stream_pump_out__pi13__Slow.o Vtestbench_bp_me_stream_pump_out__pi13__DepSet_h1bd88d96__0__Slow.o Vtestbench_bp_me_stream_pump_out__pi13__DepSet_hcd5633d7__0__Slow.o Vtestbench_bp_me_stream_pump_in__pi14__Slow.o Vtestbench_bp_me_stream_pump_in__pi14__DepSet_hb0d8f458__0__Slow.o Vtestbench_bp_me_stream_pump_in__pi14__DepSet_h2855ca99__0__Slow.o Vtestbench_bp_me_stream_pump_in__pi21__Slow.o Vtestbench_bp_me_stream_pump_in__pi21__DepSet_h62859bfc__0__Slow.o Vtestbench_bp_me_stream_pump_in__pi21__DepSet_h56a3263d__0__Slow.o Vtestbench_bp_me_stream_pump_out__pi22__Slow.o Vtestbench_bp_me_stream_pump_out__pi22__DepSet_h884a46a8__0__Slow.o Vtestbench_bp_me_stream_pump_out__pi22__DepSet_h40e478e9__0__Slow.o Vtestbench_bp_me_stream_pump_control__pi30__Slow.o Vtestbench_bp_me_stream_pump_control__pi30__DepSet_h92dabeeb__0__Slow.o Vtestbench_bp_be_pipe_int__Bz1__Slow.o Vtestbench_bp_be_pipe_int__Bz1__DepSet_hc86124ad__0__Slow.o Vtestbench_bsg_async_fifo__W4f_La__Slow.o Vtestbench_bsg_async_fifo__W4f_La__DepSet_h21fe9a12__0__Slow.o Vtestbench_bp_be_int_unbox__Bz1__Slow.o Vtestbench_bp_be_int_unbox__Bz1__DepSet_h3caaae69__0__Slow.o Vtestbench_bp_be_fp_box__Bz1__Slow.o Vtestbench_bp_be_fp_box__Bz1__DepSet_h92c661c6__0__Slow.o Vtestbench_bp_be_fp_rebox__Bz1__Slow.o Vtestbench_bp_be_fp_rebox__Bz1__DepSet_h7e2702a6__0__Slow.o Vtestbench_bp_tlb__Bz1_EC8_EB2_E1__Slow.o Vtestbench_bp_tlb__Bz1_EC8_EB2_E1__DepSet_h82fab659__0__Slow.o Vtestbench_bp_tlb__Bz1_EC8_EB2_E1__DepSet_h36740898__0__Slow.o Vtestbench_bsg_mem_1rw_sync_mask_write_byte__pi59__Slow.o Vtestbench_bsg_mem_1rw_sync_mask_write_byte__pi59__DepSet_h29286070__0__Slow.o Vtestbench_bsg_mux_one_hot__W40_E8__Slow.o Vtestbench_bsg_mux_one_hot__W40_E8__DepSet_he1133b7c__0__Slow.o Vtestbench_bsg_mux_one_hot__Wc1_E3__Slow.o Vtestbench_bsg_mux_one_hot__Wc1_E3__DepSet_hc046d665__0__Slow.o Vtestbench_bsg_mux_one_hot__Wc1_E6__Slow.o Vtestbench_bsg_mux_one_hot__Wc1_E6__DepSet_h9381f16d__0__Slow.o Vtestbench_bsg_mem_1rw_sync__pi83__Slow.o Vtestbench_bsg_mem_1rw_sync__pi83__DepSet_hf21f9e6e__0__Slow.o Vtestbench__Syms.o
g++     null_cosim.o verilated.o verilated_dpi.o verilated_timing.o verilated_threads.o Vtestbench__ALL.a    -pthread -lpthread -latomic   -o ../simsc
rm Vtestbench__ALL.verilator_deplist.tmp
make[1]: Leaving directory '/work/black-parrot-sim/black-parrot/bp_top/verilator/results/bp_tethered.e_bp_default_cfg/obj_dir'
